semantic_candidate_name,exact_dungeondraft_uri,asset_kind,compatible_mcp_operations,source,original_dungeondraft_category,original_dungeondraft_tags,dimensions_or_scale,discovery_status,validation_status
"Atlas Globe 01","res://textures/objects/activities/administration/atlas_globe_01.png","object","place_object","dungeondraft-built-in","Objects","","","mcp-list-assets","loaded-registry-listed"
"Atlas Globe 02","res://textures/objects/activities/administration/atlas_globe_02.png","object","place_object","dungeondraft-built-in","Objects","","","mcp-list-assets","loaded-registry-listed"
"Atlas Globe Gigant 03","res://textures/objects/activities/administration/atlas_globe_gigant_03.png","object","place_object","dungeondraft-built-in","Objects","","","mcp-list-assets","loaded-registry-listed"
"Book 01","res://textures/objects/activities/administration/book_01.png","object","place_object","dungeondraft-built-in","Objects","","","mcp-list-assets","loaded-registry-listed"
"Book 02","res://textures/objects/activities/administration/book_02.png","object","place_object","dungeondraft-built-in","Objects","","","mcp-list-assets","loaded-registry-listed"
"Book 03","res://textures/objects/activities/administration/book_03.png","object","place_object","dungeondraft-built-in","Objects","","","mcp-list-assets","loaded-registry-listed"
"Book 04","res://textures/objects/activities/administration/book_04.png","object","place_object","dungeondraft-built-in","Objects","","","mcp-list-assets","loaded-registry-listed"
"Book 05","res://textures/objects/activities/administration/book_05.png","object","place_object","dungeondraft-built-in","Objects","","","mcp-list-assets","loaded-registry-listed"
"Book 06","res://textures/objects/activities/administration/book_06.png","object","place_object","dungeondraft-built-in","Objects","","","mcp-list-assets","loaded-registry-listed"
"Candle 01","res://textures/objects/activities/administration/candle_01.png","object","place_object","dungeondraft-built-in","Objects","","","mcp-list-assets","loaded-registry-listed"
"Candle 02","res://textures/objects/activities/administration/candle_02.png","object","place_object","dungeondraft-built-in","Objects","","","mcp-list-assets","loaded-registry-listed"
"Candle Holder 02","res://textures/objects/activities/administration/candle_holder_02.png","object","place_object","dungeondraft-built-in","Objects","","","mcp-list-assets","loaded-registry-listed"
"Cloth 01","res://textures/objects/activities/administration/cloth_01.png","object","place_object","dungeondraft-built-in","Objects","","","mcp-list-assets","loaded-registry-listed"
"Cloth 02","res://textures/objects/activities/administration/cloth_02.png","object","place_object","dungeondraft-built-in","Objects","","","mcp-list-assets","loaded-registry-listed"
"Envelope 01","res://textures/objects/activities/administration/envelope_01.png","object","place_object","dungeondraft-built-in","Objects","","","mcp-list-assets","loaded-registry-listed"
"Envelope 02","res://textures/objects/activities/administration/envelope_02.png","object","place_object","dungeondraft-built-in","Objects","","","mcp-list-assets","loaded-registry-listed"
"Envelope 03","res://textures/objects/activities/administration/envelope_03.png","object","place_object","dungeondraft-built-in","Objects","","","mcp-list-assets","loaded-registry-listed"
"Inker","res://textures/objects/activities/administration/inker.png","object","place_object","dungeondraft-built-in","Objects","","","mcp-list-assets","loaded-registry-listed"
"Map 01","res://textures/objects/activities/administration/map_01.png","object","place_object","dungeondraft-built-in","Objects","","","mcp-list-assets","loaded-registry-listed"
"Map Table 02","res://textures/objects/activities/administration/map_table_02.png","object","place_object","dungeondraft-built-in","Objects","","","mcp-list-assets","loaded-registry-listed"
"Map Table Big 01","res://textures/objects/activities/administration/map_table_big_01.png","object","place_object","dungeondraft-built-in","Objects","","","mcp-list-assets","loaded-registry-listed"
"Paper 01","res://textures/objects/activities/administration/paper_01.png","object","place_object","dungeondraft-built-in","Objects","","","mcp-list-assets","loaded-registry-listed"
"Paper 02","res://textures/objects/activities/administration/paper_02.png","object","place_object","dungeondraft-built-in","Objects","","","mcp-list-assets","loaded-registry-listed"
"Paper 03","res://textures/objects/activities/administration/paper_03.png","object","place_object","dungeondraft-built-in","Objects","","","mcp-list-assets","loaded-registry-listed"
"Paper 04","res://textures/objects/activities/administration/paper_04.png","object","place_object","dungeondraft-built-in","Objects","","","mcp-list-assets","loaded-registry-listed"
"Paper 05","res://textures/objects/activities/administration/paper_05.png","object","place_object","dungeondraft-built-in","Objects","","","mcp-list-assets","loaded-registry-listed"
"Scroll 01","res://textures/objects/activities/administration/scroll_01.png","object","place_object","dungeondraft-built-in","Objects","","","mcp-list-assets","loaded-registry-listed"
"Scroll 02","res://textures/objects/activities/administration/scroll_02.png","object","place_object","dungeondraft-built-in","Objects","","","mcp-list-assets","loaded-registry-listed"
"Scroll 03","res://textures/objects/activities/administration/scroll_03.png","object","place_object","dungeondraft-built-in","Objects","","","mcp-list-assets","loaded-registry-listed"
"Scroll 04","res://textures/objects/activities/administration/scroll_04.png","object","place_object","dungeondraft-built-in","Objects","","","mcp-list-assets","loaded-registry-listed"
"Scroll 05","res://textures/objects/activities/administration/scroll_05.png","object","place_object","dungeondraft-built-in","Objects","","","mcp-list-assets","loaded-registry-listed"
"Scroll 06","res://textures/objects/activities/administration/scroll_06.png","object","place_object","dungeondraft-built-in","Objects","","","mcp-list-assets","loaded-registry-listed"
"Scroll 07","res://textures/objects/activities/administration/scroll_07.png","object","place_object","dungeondraft-built-in","Objects","","","mcp-list-assets","loaded-registry-listed"
"Scroll Bowl 01","res://textures/objects/activities/administration/scroll_bowl_01.png","object","place_object","dungeondraft-built-in","Objects","","","mcp-list-assets","loaded-registry-listed"
"Scroll Bowl 02","res://textures/objects/activities/administration/scroll_bowl_02.png","object","place_object","dungeondraft-built-in","Objects","","","mcp-list-assets","loaded-registry-listed"
"Scroll Bowl 03","res://textures/objects/activities/administration/scroll_bowl_03.png","object","place_object","dungeondraft-built-in","Objects","","","mcp-list-assets","loaded-registry-listed"
"Scroll Bowl 04","res://textures/objects/activities/administration/scroll_bowl_04.png","object","place_object","dungeondraft-built-in","Objects","","","mcp-list-assets","loaded-registry-listed"
"Bathtub 01","res://textures/objects/activities/bathing/bathtub_01.png","object","place_object","dungeondraft-built-in","Objects","","","mcp-list-assets","loaded-registry-listed"
"Bathtub 02","res://textures/objects/activities/bathing/bathtub_02.png","object","place_object","dungeondraft-built-in","Objects","","","mcp-list-assets","loaded-registry-listed"
"Chair Bath","res://textures/objects/activities/bathing/chair_bath.png","object","place_object","dungeondraft-built-in","Objects","","","mcp-list-assets","loaded-registry-listed"
"Soap","res://textures/objects/activities/bathing/soap.png","object","place_object","dungeondraft-built-in","Objects","","","mcp-list-assets","loaded-registry-listed"
"Cutting Boards","res://textures/objects/activities/cooking/cutting_boards.png","object","place_object","dungeondraft-built-in","Objects","","","mcp-list-assets","loaded-registry-listed"
"Food Carrot 05","res://textures/objects/activities/cooking/food_carrot_05.png","object","place_object","dungeondraft-built-in","Objects","","","mcp-list-assets","loaded-registry-listed"
"Food Chicleg 02","res://textures/objects/activities/cooking/food_chicleg_02.png","object","place_object","dungeondraft-built-in","Objects","","","mcp-list-assets","loaded-registry-listed"
"Food Fish 01","res://textures/objects/activities/cooking/food_fish_01.png","object","place_object","dungeondraft-built-in","Objects","","","mcp-list-assets","loaded-registry-listed"
"Food Greens 04","res://textures/objects/activities/cooking/food_greens_04.png","object","place_object","dungeondraft-built-in","Objects","","","mcp-list-assets","loaded-registry-listed"
"Food Leek 05","res://textures/objects/activities/cooking/food_leek_05.png","object","place_object","dungeondraft-built-in","Objects","","","mcp-list-assets","loaded-registry-listed"
"Food Onion 06","res://textures/objects/activities/cooking/food_onion_06.png","object","place_object","dungeondraft-built-in","Objects","","","mcp-list-assets","loaded-registry-listed"
"Food Onion 07","res://textures/objects/activities/cooking/food_onion_07.png","object","place_object","dungeondraft-built-in","Objects","","","mcp-list-assets","loaded-registry-listed"
"Food Roots 08","res://textures/objects/activities/cooking/food_roots_08.png","object","place_object","dungeondraft-built-in","Objects","","","mcp-list-assets","loaded-registry-listed"
"Oven 01","res://textures/objects/activities/cooking/oven_01.png","object","place_object","dungeondraft-built-in","Objects","","","mcp-list-assets","loaded-registry-listed"
"Oven 02","res://textures/objects/activities/cooking/oven_02.png","object","place_object","dungeondraft-built-in","Objects","","","mcp-list-assets","loaded-registry-listed"
"Pan","res://textures/objects/activities/cooking/pan.png","object","place_object","dungeondraft-built-in","Objects","","","mcp-list-assets","loaded-registry-listed"
"Pig Roast","res://textures/objects/activities/cooking/pig_roast.png","object","place_object","dungeondraft-built-in","Objects","","","mcp-list-assets","loaded-registry-listed"
"Pizza","res://textures/objects/activities/cooking/pizza.png","object","place_object","dungeondraft-built-in","Objects","","","mcp-list-assets","loaded-registry-listed"
"Potatoes","res://textures/objects/activities/cooking/potatoes.png","object","place_object","dungeondraft-built-in","Objects","","","mcp-list-assets","loaded-registry-listed"
"Spit Roast 01","res://textures/objects/activities/cooking/spit_roast_01.png","object","place_object","dungeondraft-built-in","Objects","","","mcp-list-assets","loaded-registry-listed"
"Spit Roast 02","res://textures/objects/activities/cooking/spit_roast_02.png","object","place_object","dungeondraft-built-in","Objects","","","mcp-list-assets","loaded-registry-listed"
"Stove 01","res://textures/objects/activities/cooking/stove_01.png","object","place_object","dungeondraft-built-in","Objects","","","mcp-list-assets","loaded-registry-listed"
"Stove 02 Roman","res://textures/objects/activities/cooking/stove_02_roman.png","object","place_object","dungeondraft-built-in","Objects","","","mcp-list-assets","loaded-registry-listed"
"Stove 03 Russian","res://textures/objects/activities/cooking/stove_03_russian.png","object","place_object","dungeondraft-built-in","Objects","","","mcp-list-assets","loaded-registry-listed"
"Stove 04 Detail","res://textures/objects/activities/cooking/stove_04_detail.png","object","place_object","dungeondraft-built-in","Objects","","","mcp-list-assets","loaded-registry-listed"
"Berries","res://textures/objects/activities/dining/berries.png","object","place_object","dungeondraft-built-in","Objects","","","mcp-list-assets","loaded-registry-listed"
"Big Bowl 01","res://textures/objects/activities/dining/big_bowl_01.png","object","place_object","dungeondraft-built-in","Objects","","","mcp-list-assets","loaded-registry-listed"
"Big Bowl 02","res://textures/objects/activities/dining/big_bowl_02.png","object","place_object","dungeondraft-built-in","Objects","","","mcp-list-assets","loaded-registry-listed"
"Big Bowl 03","res://textures/objects/activities/dining/big_bowl_03.png","object","place_object","dungeondraft-built-in","Objects","","","mcp-list-assets","loaded-registry-listed"
"Big Bowl 04","res://textures/objects/activities/dining/big_bowl_04.png","object","place_object","dungeondraft-built-in","Objects","","","mcp-list-assets","loaded-registry-listed"
"Big Bowl 05","res://textures/objects/activities/dining/big_bowl_05.png","object","place_object","dungeondraft-built-in","Objects","","","mcp-list-assets","loaded-registry-listed"
"Bottle","res://textures/objects/activities/dining/bottle.png","object","place_object","dungeondraft-built-in","Objects","","","mcp-list-assets","loaded-registry-listed"
"Bottle 01","res://textures/objects/activities/dining/bottle_01.png","object","place_object","dungeondraft-built-in","Objects","","","mcp-list-assets","loaded-registry-listed"
"Cup","res://textures/objects/activities/dining/cup.png","object","place_object","dungeondraft-built-in","Objects","","","mcp-list-assets","loaded-registry-listed"
"Food Bread 01","res://textures/objects/activities/dining/food_bread_01.png","object","place_object","dungeondraft-built-in","Objects","","","mcp-list-assets","loaded-registry-listed"
"Food Bread 02","res://textures/objects/activities/dining/food_bread_02.png","object","place_object","dungeondraft-built-in","Objects","","","mcp-list-assets","loaded-registry-listed"
"Food Meat Leg 03","res://textures/objects/activities/dining/food_meat_leg_03.png","object","place_object","dungeondraft-built-in","Objects","","","mcp-list-assets","loaded-registry-listed"
"Fork","res://textures/objects/activities/dining/fork.png","object","place_object","dungeondraft-built-in","Objects","","","mcp-list-assets","loaded-registry-listed"
"Knife 01","res://textures/objects/activities/dining/knife_01.png","object","place_object","dungeondraft-built-in","Objects","","","mcp-list-assets","loaded-registry-listed"
"Knife 02","res://textures/objects/activities/dining/knife_02.png","object","place_object","dungeondraft-built-in","Objects","","","mcp-list-assets","loaded-registry-listed"
"Pitcher","res://textures/objects/activities/dining/pitcher.png","object","place_object","dungeondraft-built-in","Objects","","","mcp-list-assets","loaded-registry-listed"
"Plate","res://textures/objects/activities/dining/plate.png","object","place_object","dungeondraft-built-in","Objects","","","mcp-list-assets","loaded-registry-listed"
"Plate 01","res://textures/objects/activities/dining/plate_01.png","object","place_object","dungeondraft-built-in","Objects","","","mcp-list-assets","loaded-registry-listed"
"Plate 02","res://textures/objects/activities/dining/plate_02.png","object","place_object","dungeondraft-built-in","Objects","","","mcp-list-assets","loaded-registry-listed"
"Saucer 01","res://textures/objects/activities/dining/saucer_01.png","object","place_object","dungeondraft-built-in","Objects","","","mcp-list-assets","loaded-registry-listed"
"Saucer 02","res://textures/objects/activities/dining/saucer_02.png","object","place_object","dungeondraft-built-in","Objects","","","mcp-list-assets","loaded-registry-listed"
"Saucer 03","res://textures/objects/activities/dining/saucer_03.png","object","place_object","dungeondraft-built-in","Objects","","","mcp-list-assets","loaded-registry-listed"
"Saucer 04","res://textures/objects/activities/dining/saucer_04.png","object","place_object","dungeondraft-built-in","Objects","","","mcp-list-assets","loaded-registry-listed"
"Spoon","res://textures/objects/activities/dining/spoon.png","object","place_object","dungeondraft-built-in","Objects","","","mcp-list-assets","loaded-registry-listed"
"Beet 01","res://textures/objects/activities/farming/beet_01.png","object","place_object","dungeondraft-built-in","Objects","","","mcp-list-assets","loaded-registry-listed"
"Beet 02","res://textures/objects/activities/farming/beet_02.png","object","place_object","dungeondraft-built-in","Objects","","","mcp-list-assets","loaded-registry-listed"
"Beet 03","res://textures/objects/activities/farming/beet_03.png","object","place_object","dungeondraft-built-in","Objects","","","mcp-list-assets","loaded-registry-listed"
"Beet 04","res://textures/objects/activities/farming/beet_04.png","object","place_object","dungeondraft-built-in","Objects","","","mcp-list-assets","loaded-registry-listed"
"Cabbage 01","res://textures/objects/activities/farming/cabbage_01.png","object","place_object","dungeondraft-built-in","Objects","","","mcp-list-assets","loaded-registry-listed"
"Cabbage 02","res://textures/objects/activities/farming/cabbage_02.png","object","place_object","dungeondraft-built-in","Objects","","","mcp-list-assets","loaded-registry-listed"
"Cabbage 03","res://textures/objects/activities/farming/cabbage_03.png","object","place_object","dungeondraft-built-in","Objects","","","mcp-list-assets","loaded-registry-listed"
"Cabbage 04","res://textures/objects/activities/farming/cabbage_04.png","object","place_object","dungeondraft-built-in","Objects","","","mcp-list-assets","loaded-registry-listed"
"Root 01","res://textures/objects/activities/farming/root_01.png","object","place_object","dungeondraft-built-in","Objects","","","mcp-list-assets","loaded-registry-listed"
"Root 02","res://textures/objects/activities/farming/root_02.png","object","place_object","dungeondraft-built-in","Objects","","","mcp-list-assets","loaded-registry-listed"
"Root 03","res://textures/objects/activities/farming/root_03.png","object","place_object","dungeondraft-built-in","Objects","","","mcp-list-assets","loaded-registry-listed"
"Scarecrow 01","res://textures/objects/activities/farming/scarecrow_01.png","object","place_object","dungeondraft-built-in","Objects","","","mcp-list-assets","loaded-registry-listed"
"Scarecrow 02","res://textures/objects/activities/farming/scarecrow_02.png","object","place_object","dungeondraft-built-in","Objects","","","mcp-list-assets","loaded-registry-listed"
"Log Cutter","res://textures/objects/activities/logging/log_cutter.png","object","place_object","dungeondraft-built-in","Objects","","","mcp-list-assets","loaded-registry-listed"
"Log Pile 01","res://textures/objects/activities/logging/log_pile_01.png","object","place_object","dungeondraft-built-in","Objects","","","mcp-list-assets","loaded-registry-listed"
"Log Pile 02","res://textures/objects/activities/logging/log_pile_02.png","object","place_object","dungeondraft-built-in","Objects","","","mcp-list-assets","loaded-registry-listed"
"Log Pile 03","res://textures/objects/activities/logging/log_pile_03.png","object","place_object","dungeondraft-built-in","Objects","","","mcp-list-assets","loaded-registry-listed"
"Log Pile 04","res://textures/objects/activities/logging/log_pile_04.png","object","place_object","dungeondraft-built-in","Objects","","","mcp-list-assets","loaded-registry-listed"
"Mine Cart","res://textures/objects/activities/mining/mine_cart.png","object","place_object","dungeondraft-built-in","Objects","","","mcp-list-assets","loaded-registry-listed"
"Mine Cart 02","res://textures/objects/activities/mining/mine_cart_02.png","object","place_object","dungeondraft-built-in","Objects","","","mcp-list-assets","loaded-registry-listed"
"Plank 01","res://textures/objects/activities/mining/plank_01.png","object","place_object","dungeondraft-built-in","Objects","","","mcp-list-assets","loaded-registry-listed"
"Plank 02","res://textures/objects/activities/mining/plank_02.png","object","place_object","dungeondraft-built-in","Objects","","","mcp-list-assets","loaded-registry-listed"
"Anvil","res://textures/objects/activities/smithing/anvil.png","object","place_object","dungeondraft-built-in","Objects","","","mcp-list-assets","loaded-registry-listed"
"Bellows Big","res://textures/objects/activities/smithing/bellows_big.png","object","place_object","dungeondraft-built-in","Objects","","","mcp-list-assets","loaded-registry-listed"
"Bellows Small","res://textures/objects/activities/smithing/bellows_small.png","object","place_object","dungeondraft-built-in","Objects","","","mcp-list-assets","loaded-registry-listed"
"Blacksmith Tool 01","res://textures/objects/activities/smithing/blacksmith_tool_01.png","object","place_object","dungeondraft-built-in","Objects","","","mcp-list-assets","loaded-registry-listed"
"Blacksmith Tool 05 Anvil","res://textures/objects/activities/smithing/blacksmith_tool_05_anvil.png","object","place_object","dungeondraft-built-in","Objects","","","mcp-list-assets","loaded-registry-listed"
"Chisel","res://textures/objects/activities/smithing/chisel.png","object","place_object","dungeondraft-built-in","Objects","","","mcp-list-assets","loaded-registry-listed"
"Coal Bag","res://textures/objects/activities/smithing/coal_bag.png","object","place_object","dungeondraft-built-in","Objects","","","mcp-list-assets","loaded-registry-listed"
"Design Table 01","res://textures/objects/activities/smithing/design_table_01.png","object","place_object","dungeondraft-built-in","Objects","","","mcp-list-assets","loaded-registry-listed"
"Design Table 02","res://textures/objects/activities/smithing/design_table_02.png","object","place_object","dungeondraft-built-in","Objects","","","mcp-list-assets","loaded-registry-listed"
"Forge Small 01","res://textures/objects/activities/smithing/forge_small_01.png","object","place_object","dungeondraft-built-in","Objects","","","mcp-list-assets","loaded-registry-listed"
"Forge Small 02","res://textures/objects/activities/smithing/forge_small_02.png","object","place_object","dungeondraft-built-in","Objects","","","mcp-list-assets","loaded-registry-listed"
"Furnace","res://textures/objects/activities/smithing/furnace.png","object","place_object","dungeondraft-built-in","Objects","","","mcp-list-assets","loaded-registry-listed"
"Grinding Wheel","res://textures/objects/activities/smithing/grinding_wheel.png","object","place_object","dungeondraft-built-in","Objects","","","mcp-list-assets","loaded-registry-listed"
"Hammer","res://textures/objects/activities/smithing/hammer.png","object","place_object","dungeondraft-built-in","Objects","","","mcp-list-assets","loaded-registry-listed"
"Mandrel","res://textures/objects/activities/smithing/mandrel.png","object","place_object","dungeondraft-built-in","Objects","","","mcp-list-assets","loaded-registry-listed"
"Metal Bar","res://textures/objects/activities/smithing/metal_bar.png","object","place_object","dungeondraft-built-in","Objects","","","mcp-list-assets","loaded-registry-listed"
"Slack Tub","res://textures/objects/activities/smithing/slack_tub.png","object","place_object","dungeondraft-built-in","Objects","","","mcp-list-assets","loaded-registry-listed"
"Tongs","res://textures/objects/activities/smithing/tongs.png","object","place_object","dungeondraft-built-in","Objects","","","mcp-list-assets","loaded-registry-listed"
"Workbench","res://textures/objects/activities/smithing/workbench.png","object","place_object","dungeondraft-built-in","Objects","","","mcp-list-assets","loaded-registry-listed"
"Camp Bed 01","res://textures/objects/camp/camp_bed_01.png","object","place_object","dungeondraft-built-in","Objects","","","mcp-list-assets","loaded-registry-listed"
"Camp Bed 02","res://textures/objects/camp/camp_bed_02.png","object","place_object","dungeondraft-built-in","Objects","","","mcp-list-assets","loaded-registry-listed"
"Camp Bed 03","res://textures/objects/camp/camp_bed_03.png","object","place_object","dungeondraft-built-in","Objects","","","mcp-list-assets","loaded-registry-listed"
"Camp Bed 04","res://textures/objects/camp/camp_bed_04.png","object","place_object","dungeondraft-built-in","Objects","","","mcp-list-assets","loaded-registry-listed"
"Camp Mat 01","res://textures/objects/camp/camp_mat_01.png","object","place_object","dungeondraft-built-in","Objects","","","mcp-list-assets","loaded-registry-listed"
"Camp Mat 02","res://textures/objects/camp/camp_mat_02.png","object","place_object","dungeondraft-built-in","Objects","","","mcp-list-assets","loaded-registry-listed"
"Campfire 01","res://textures/objects/camp/campfire_01.png","object","place_object","dungeondraft-built-in","Objects","","","mcp-list-assets","loaded-registry-listed"
"Campfire 02","res://textures/objects/camp/campfire_02.png","object","place_object","dungeondraft-built-in","Objects","","","mcp-list-assets","loaded-registry-listed"
"Campfire 03","res://textures/objects/camp/campfire_03.png","object","place_object","dungeondraft-built-in","Objects","","","mcp-list-assets","loaded-registry-listed"
"Campfire 04","res://textures/objects/camp/campfire_04.png","object","place_object","dungeondraft-built-in","Objects","","","mcp-list-assets","loaded-registry-listed"
"Campfire 05","res://textures/objects/camp/campfire_05.png","object","place_object","dungeondraft-built-in","Objects","","","mcp-list-assets","loaded-registry-listed"
"Campfire 06","res://textures/objects/camp/campfire_06.png","object","place_object","dungeondraft-built-in","Objects","","","mcp-list-assets","loaded-registry-listed"
"Campfire 07","res://textures/objects/camp/campfire_07.png","object","place_object","dungeondraft-built-in","Objects","","","mcp-list-assets","loaded-registry-listed"
"Campfire 08","res://textures/objects/camp/campfire_08.png","object","place_object","dungeondraft-built-in","Objects","","","mcp-list-assets","loaded-registry-listed"
"Carnival Tent 01","res://textures/objects/camp/carnival_tent_01.png","object","place_object","dungeondraft-built-in","Objects","","","mcp-list-assets","loaded-registry-listed"
"Carnival Tent 02","res://textures/objects/camp/carnival_tent_02.png","object","place_object","dungeondraft-built-in","Objects","","","mcp-list-assets","loaded-registry-listed"
"Carnival Tent 03","res://textures/objects/camp/carnival_tent_03.png","object","place_object","dungeondraft-built-in","Objects","","","mcp-list-assets","loaded-registry-listed"
"Hammock 01","res://textures/objects/camp/hammock_01.png","object","place_object","dungeondraft-built-in","Objects","","","mcp-list-assets","loaded-registry-listed"
"Hammock 02","res://textures/objects/camp/hammock_02.png","object","place_object","dungeondraft-built-in","Objects","","","mcp-list-assets","loaded-registry-listed"
"Hammock 03","res://textures/objects/camp/hammock_03.png","object","place_object","dungeondraft-built-in","Objects","","","mcp-list-assets","loaded-registry-listed"
"Hammock 04","res://textures/objects/camp/hammock_04.png","object","place_object","dungeondraft-built-in","Objects","","","mcp-list-assets","loaded-registry-listed"
"Hammock 05","res://textures/objects/camp/hammock_05.png","object","place_object","dungeondraft-built-in","Objects","","","mcp-list-assets","loaded-registry-listed"
"Tent 01","res://textures/objects/camp/tent_01.png","object","place_object","dungeondraft-built-in","Objects","","","mcp-list-assets","loaded-registry-listed"
"Tent 02","res://textures/objects/camp/tent_02.png","object","place_object","dungeondraft-built-in","Objects","","","mcp-list-assets","loaded-registry-listed"
"Tent 03","res://textures/objects/camp/tent_03.png","object","place_object","dungeondraft-built-in","Objects","","","mcp-list-assets","loaded-registry-listed"
"Tent 04","res://textures/objects/camp/tent_04.png","object","place_object","dungeondraft-built-in","Objects","","","mcp-list-assets","loaded-registry-listed"
"Tent 05","res://textures/objects/camp/tent_05.png","object","place_object","dungeondraft-built-in","Objects","","","mcp-list-assets","loaded-registry-listed"
"Tent 06","res://textures/objects/camp/tent_06.png","object","place_object","dungeondraft-built-in","Objects","","","mcp-list-assets","loaded-registry-listed"
"Seafolk 10","res://textures/objects/characters/seafolk/seafolk _10.png","object","place_object","dungeondraft-built-in","Objects","","","mcp-list-assets","loaded-registry-listed"
"Seafolk 9","res://textures/objects/characters/seafolk/seafolk _9.png","object","place_object","dungeondraft-built-in","Objects","","","mcp-list-assets","loaded-registry-listed"
"Seafolk 1","res://textures/objects/characters/seafolk/seafolk_1.png","object","place_object","dungeondraft-built-in","Objects","","","mcp-list-assets","loaded-registry-listed"
"Seafolk 11","res://textures/objects/characters/seafolk/seafolk_11.png","object","place_object","dungeondraft-built-in","Objects","","","mcp-list-assets","loaded-registry-listed"
"Seafolk 2","res://textures/objects/characters/seafolk/seafolk_2.png","object","place_object","dungeondraft-built-in","Objects","","","mcp-list-assets","loaded-registry-listed"
"Seafolk 3","res://textures/objects/characters/seafolk/seafolk_3.png","object","place_object","dungeondraft-built-in","Objects","","","mcp-list-assets","loaded-registry-listed"
"Seafolk 4","res://textures/objects/characters/seafolk/seafolk_4.png","object","place_object","dungeondraft-built-in","Objects","","","mcp-list-assets","loaded-registry-listed"
"Seafolk 5","res://textures/objects/characters/seafolk/seafolk_5.png","object","place_object","dungeondraft-built-in","Objects","","","mcp-list-assets","loaded-registry-listed"
"Seafolk 6","res://textures/objects/characters/seafolk/seafolk_6.png","object","place_object","dungeondraft-built-in","Objects","","","mcp-list-assets","loaded-registry-listed"
"Seafolk 7","res://textures/objects/characters/seafolk/seafolk_7.png","object","place_object","dungeondraft-built-in","Objects","","","mcp-list-assets","loaded-registry-listed"
"Seafolk 8","res://textures/objects/characters/seafolk/seafolk_8.png","object","place_object","dungeondraft-built-in","Objects","","","mcp-list-assets","loaded-registry-listed"
"Boulder 01","res://textures/objects/clutter/boulders/boulder_01.png","object","place_object","dungeondraft-built-in","Objects","","","mcp-list-assets","loaded-registry-listed"
"Boulder 02","res://textures/objects/clutter/boulders/boulder_02.png","object","place_object","dungeondraft-built-in","Objects","","","mcp-list-assets","loaded-registry-listed"
"Boulder 03","res://textures/objects/clutter/boulders/boulder_03.png","object","place_object","dungeondraft-built-in","Objects","","","mcp-list-assets","loaded-registry-listed"
"Boulder 04","res://textures/objects/clutter/boulders/boulder_04.png","object","place_object","dungeondraft-built-in","Objects","","","mcp-list-assets","loaded-registry-listed"
"Boulder 05","res://textures/objects/clutter/boulders/boulder_05.png","object","place_object","dungeondraft-built-in","Objects","","","mcp-list-assets","loaded-registry-listed"
"Boulder 06","res://textures/objects/clutter/boulders/boulder_06.png","object","place_object","dungeondraft-built-in","Objects","","","mcp-list-assets","loaded-registry-listed"
"Boulder 07","res://textures/objects/clutter/boulders/boulder_07.png","object","place_object","dungeondraft-built-in","Objects","","","mcp-list-assets","loaded-registry-listed"
"Boulder 08","res://textures/objects/clutter/boulders/boulder_08.png","object","place_object","dungeondraft-built-in","Objects","","","mcp-list-assets","loaded-registry-listed"
"Boulder 09","res://textures/objects/clutter/boulders/boulder_09.png","object","place_object","dungeondraft-built-in","Objects","","","mcp-list-assets","loaded-registry-listed"
"Boulder 10","res://textures/objects/clutter/boulders/boulder_10.png","object","place_object","dungeondraft-built-in","Objects","","","mcp-list-assets","loaded-registry-listed"
"Boulder 11","res://textures/objects/clutter/boulders/boulder_11.png","object","place_object","dungeondraft-built-in","Objects","","","mcp-list-assets","loaded-registry-listed"
"Boulder 12","res://textures/objects/clutter/boulders/boulder_12.png","object","place_object","dungeondraft-built-in","Objects","","","mcp-list-assets","loaded-registry-listed"
"Boulder 13","res://textures/objects/clutter/boulders/boulder_13.png","object","place_object","dungeondraft-built-in","Objects","","","mcp-list-assets","loaded-registry-listed"
"Boulder 14","res://textures/objects/clutter/boulders/boulder_14.png","object","place_object","dungeondraft-built-in","Objects","","","mcp-list-assets","loaded-registry-listed"
"Boulder 15","res://textures/objects/clutter/boulders/boulder_15.png","object","place_object","dungeondraft-built-in","Objects","","","mcp-list-assets","loaded-registry-listed"
"Boulder 16","res://textures/objects/clutter/boulders/boulder_16.png","object","place_object","dungeondraft-built-in","Objects","","","mcp-list-assets","loaded-registry-listed"
"Boulder 17","res://textures/objects/clutter/boulders/boulder_17.png","object","place_object","dungeondraft-built-in","Objects","","","mcp-list-assets","loaded-registry-listed"
"Boulder 18","res://textures/objects/clutter/boulders/boulder_18.png","object","place_object","dungeondraft-built-in","Objects","","","mcp-list-assets","loaded-registry-listed"
"Boulder 19","res://textures/objects/clutter/boulders/boulder_19.png","object","place_object","dungeondraft-built-in","Objects","","","mcp-list-assets","loaded-registry-listed"
"Boulder 20","res://textures/objects/clutter/boulders/boulder_20.png","object","place_object","dungeondraft-built-in","Objects","","","mcp-list-assets","loaded-registry-listed"
"Cave Crystals 01","res://textures/objects/clutter/cavern/cave_crystals_01.png","object","place_object","dungeondraft-built-in","Objects","","","mcp-list-assets","loaded-registry-listed"
"Cave Crystals 02","res://textures/objects/clutter/cavern/cave_crystals_02.png","object","place_object","dungeondraft-built-in","Objects","","","mcp-list-assets","loaded-registry-listed"
"Cave Crystals 03","res://textures/objects/clutter/cavern/cave_crystals_03.png","object","place_object","dungeondraft-built-in","Objects","","","mcp-list-assets","loaded-registry-listed"
"Cave Crystals 04","res://textures/objects/clutter/cavern/cave_crystals_04.png","object","place_object","dungeondraft-built-in","Objects","","","mcp-list-assets","loaded-registry-listed"
"Cave Crystals 05","res://textures/objects/clutter/cavern/cave_crystals_05.png","object","place_object","dungeondraft-built-in","Objects","","","mcp-list-assets","loaded-registry-listed"
"Cave Crystals 06","res://textures/objects/clutter/cavern/cave_crystals_06.png","object","place_object","dungeondraft-built-in","Objects","","","mcp-list-assets","loaded-registry-listed"
"Cave Crystals 07","res://textures/objects/clutter/cavern/cave_crystals_07.png","object","place_object","dungeondraft-built-in","Objects","","","mcp-list-assets","loaded-registry-listed"
"Cave Crystals 08","res://textures/objects/clutter/cavern/cave_crystals_08.png","object","place_object","dungeondraft-built-in","Objects","","","mcp-list-assets","loaded-registry-listed"
"Cave Crystals 09","res://textures/objects/clutter/cavern/cave_crystals_09.png","object","place_object","dungeondraft-built-in","Objects","","","mcp-list-assets","loaded-registry-listed"
"Cave Crystals 10","res://textures/objects/clutter/cavern/cave_crystals_10.png","object","place_object","dungeondraft-built-in","Objects","","","mcp-list-assets","loaded-registry-listed"
"Cave Hole 01","res://textures/objects/clutter/cavern/cave_hole_01.png","object","place_object","dungeondraft-built-in","Objects","","","mcp-list-assets","loaded-registry-listed"
"Cave Hole 02","res://textures/objects/clutter/cavern/cave_hole_02.png","object","place_object","dungeondraft-built-in","Objects","","","mcp-list-assets","loaded-registry-listed"
"Cave Hole 03","res://textures/objects/clutter/cavern/cave_hole_03.png","object","place_object","dungeondraft-built-in","Objects","","","mcp-list-assets","loaded-registry-listed"
"Cave Hole 04","res://textures/objects/clutter/cavern/cave_hole_04.png","object","place_object","dungeondraft-built-in","Objects","","","mcp-list-assets","loaded-registry-listed"
"Cave Hole 05","res://textures/objects/clutter/cavern/cave_hole_05.png","object","place_object","dungeondraft-built-in","Objects","","","mcp-list-assets","loaded-registry-listed"
"Stalagmites 01","res://textures/objects/clutter/cavern/stalagmites_01.png","object","place_object","dungeondraft-built-in","Objects","","","mcp-list-assets","loaded-registry-listed"
"Stalagmites 02","res://textures/objects/clutter/cavern/stalagmites_02.png","object","place_object","dungeondraft-built-in","Objects","","","mcp-list-assets","loaded-registry-listed"
"Stalagmites 03","res://textures/objects/clutter/cavern/stalagmites_03.png","object","place_object","dungeondraft-built-in","Objects","","","mcp-list-assets","loaded-registry-listed"
"Stalagmites 04","res://textures/objects/clutter/cavern/stalagmites_04.png","object","place_object","dungeondraft-built-in","Objects","","","mcp-list-assets","loaded-registry-listed"
"Stalagmites 05","res://textures/objects/clutter/cavern/stalagmites_05.png","object","place_object","dungeondraft-built-in","Objects","","","mcp-list-assets","loaded-registry-listed"
"Stalagmites 06","res://textures/objects/clutter/cavern/stalagmites_06.png","object","place_object","dungeondraft-built-in","Objects","","","mcp-list-assets","loaded-registry-listed"
"Sailor Hat 01","res://textures/objects/clutter/clothing/sailor_hat_01.png","object","place_object","dungeondraft-built-in","Objects","","","mcp-list-assets","loaded-registry-listed"
"Cocoon 01","res://textures/objects/clutter/cobwebs/cocoon_01.png","object","place_object","dungeondraft-built-in","Objects","","","mcp-list-assets","loaded-registry-listed"
"Cocoon 02","res://textures/objects/clutter/cobwebs/cocoon_02.png","object","place_object","dungeondraft-built-in","Objects","","","mcp-list-assets","loaded-registry-listed"
"Spider 01","res://textures/objects/clutter/cobwebs/spider_01.png","object","place_object","dungeondraft-built-in","Objects","","","mcp-list-assets","loaded-registry-listed"
"Spider 02","res://textures/objects/clutter/cobwebs/spider_02.png","object","place_object","dungeondraft-built-in","Objects","","","mcp-list-assets","loaded-registry-listed"
"Spider Dead 01","res://textures/objects/clutter/cobwebs/spider_dead_01.png","object","place_object","dungeondraft-built-in","Objects","","","mcp-list-assets","loaded-registry-listed"
"Spider Dead 02","res://textures/objects/clutter/cobwebs/spider_dead_02.png","object","place_object","dungeondraft-built-in","Objects","","","mcp-list-assets","loaded-registry-listed"
"Spider Egg 01","res://textures/objects/clutter/cobwebs/spider_egg_01.png","object","place_object","dungeondraft-built-in","Objects","","","mcp-list-assets","loaded-registry-listed"
"Spiderweb 01","res://textures/objects/clutter/cobwebs/spiderweb_01.png","object","place_object","dungeondraft-built-in","Objects","","","mcp-list-assets","loaded-registry-listed"
"Spiderweb 02","res://textures/objects/clutter/cobwebs/spiderweb_02.png","object","place_object","dungeondraft-built-in","Objects","","","mcp-list-assets","loaded-registry-listed"
"Spiderweb 03","res://textures/objects/clutter/cobwebs/spiderweb_03.png","object","place_object","dungeondraft-built-in","Objects","","","mcp-list-assets","loaded-registry-listed"
"Spiderweb 04","res://textures/objects/clutter/cobwebs/spiderweb_04.png","object","place_object","dungeondraft-built-in","Objects","","","mcp-list-assets","loaded-registry-listed"
"Spiderweb 05","res://textures/objects/clutter/cobwebs/spiderweb_05.png","object","place_object","dungeondraft-built-in","Objects","","","mcp-list-assets","loaded-registry-listed"
"Spiderweb 06","res://textures/objects/clutter/cobwebs/spiderweb_06.png","object","place_object","dungeondraft-built-in","Objects","","","mcp-list-assets","loaded-registry-listed"
"Spiderweb 07","res://textures/objects/clutter/cobwebs/spiderweb_07.png","object","place_object","dungeondraft-built-in","Objects","","","mcp-list-assets","loaded-registry-listed"
"Spiderweb 08","res://textures/objects/clutter/cobwebs/spiderweb_08.png","object","place_object","dungeondraft-built-in","Objects","","","mcp-list-assets","loaded-registry-listed"
"Spiderweb 09","res://textures/objects/clutter/cobwebs/spiderweb_09.png","object","place_object","dungeondraft-built-in","Objects","","","mcp-list-assets","loaded-registry-listed"
"Spiderweb 10","res://textures/objects/clutter/cobwebs/spiderweb_10.png","object","place_object","dungeondraft-built-in","Objects","","","mcp-list-assets","loaded-registry-listed"
"Spiderweb 11","res://textures/objects/clutter/cobwebs/spiderweb_11.png","object","place_object","dungeondraft-built-in","Objects","","","mcp-list-assets","loaded-registry-listed"
"Spiderweb 12","res://textures/objects/clutter/cobwebs/spiderweb_12.png","object","place_object","dungeondraft-built-in","Objects","","","mcp-list-assets","loaded-registry-listed"
"Spiderweb 13","res://textures/objects/clutter/cobwebs/spiderweb_13.png","object","place_object","dungeondraft-built-in","Objects","","","mcp-list-assets","loaded-registry-listed"
"Spiderweb 14","res://textures/objects/clutter/cobwebs/spiderweb_14.png","object","place_object","dungeondraft-built-in","Objects","","","mcp-list-assets","loaded-registry-listed"
"Spiderweb 15","res://textures/objects/clutter/cobwebs/spiderweb_15.png","object","place_object","dungeondraft-built-in","Objects","","","mcp-list-assets","loaded-registry-listed"
"Spiderweb 16","res://textures/objects/clutter/cobwebs/spiderweb_16.png","object","place_object","dungeondraft-built-in","Objects","","","mcp-list-assets","loaded-registry-listed"
"Spiderweb 17","res://textures/objects/clutter/cobwebs/spiderweb_17.png","object","place_object","dungeondraft-built-in","Objects","","","mcp-list-assets","loaded-registry-listed"
"Spiderweb 18","res://textures/objects/clutter/cobwebs/spiderweb_18.png","object","place_object","dungeondraft-built-in","Objects","","","mcp-list-assets","loaded-registry-listed"
"Spiderweb 19","res://textures/objects/clutter/cobwebs/spiderweb_19.png","object","place_object","dungeondraft-built-in","Objects","","","mcp-list-assets","loaded-registry-listed"
"Spiderweb 20","res://textures/objects/clutter/cobwebs/spiderweb_20.png","object","place_object","dungeondraft-built-in","Objects","","","mcp-list-assets","loaded-registry-listed"
"Spiderweb 21","res://textures/objects/clutter/cobwebs/spiderweb_21.png","object","place_object","dungeondraft-built-in","Objects","","","mcp-list-assets","loaded-registry-listed"
"Broken Glass 01","res://textures/objects/clutter/floor/broken_glass_01.png","object","place_object","dungeondraft-built-in","Objects","","","mcp-list-assets","loaded-registry-listed"
"Broken Glass 02","res://textures/objects/clutter/floor/broken_glass_02.png","object","place_object","dungeondraft-built-in","Objects","","","mcp-list-assets","loaded-registry-listed"
"Broken Glass 03","res://textures/objects/clutter/floor/broken_glass_03.png","object","place_object","dungeondraft-built-in","Objects","","","mcp-list-assets","loaded-registry-listed"
"Broken Glass 04","res://textures/objects/clutter/floor/broken_glass_04.png","object","place_object","dungeondraft-built-in","Objects","","","mcp-list-assets","loaded-registry-listed"
"Broken Glass 05","res://textures/objects/clutter/floor/broken_glass_05.png","object","place_object","dungeondraft-built-in","Objects","","","mcp-list-assets","loaded-registry-listed"
"Broken Glass 06","res://textures/objects/clutter/floor/broken_glass_06.png","object","place_object","dungeondraft-built-in","Objects","","","mcp-list-assets","loaded-registry-listed"
"Broken Glass 07","res://textures/objects/clutter/floor/broken_glass_07.png","object","place_object","dungeondraft-built-in","Objects","","","mcp-list-assets","loaded-registry-listed"
"Broken Pottery 01","res://textures/objects/clutter/floor/broken_pottery_01.png","object","place_object","dungeondraft-built-in","Objects","","","mcp-list-assets","loaded-registry-listed"
"Broken Pottery 02","res://textures/objects/clutter/floor/broken_pottery_02.png","object","place_object","dungeondraft-built-in","Objects","","","mcp-list-assets","loaded-registry-listed"
"Broken Pottery 03","res://textures/objects/clutter/floor/broken_pottery_03.png","object","place_object","dungeondraft-built-in","Objects","","","mcp-list-assets","loaded-registry-listed"
"Broken Pottery 04","res://textures/objects/clutter/floor/broken_pottery_04.png","object","place_object","dungeondraft-built-in","Objects","","","mcp-list-assets","loaded-registry-listed"
"Broken Pottery 05","res://textures/objects/clutter/floor/broken_pottery_05.png","object","place_object","dungeondraft-built-in","Objects","","","mcp-list-assets","loaded-registry-listed"
"Broken Pottery 06","res://textures/objects/clutter/floor/broken_pottery_06.png","object","place_object","dungeondraft-built-in","Objects","","","mcp-list-assets","loaded-registry-listed"
"Broken Pottery 07","res://textures/objects/clutter/floor/broken_pottery_07.png","object","place_object","dungeondraft-built-in","Objects","","","mcp-list-assets","loaded-registry-listed"
"Broken Pottery 08","res://textures/objects/clutter/floor/broken_pottery_08.png","object","place_object","dungeondraft-built-in","Objects","","","mcp-list-assets","loaded-registry-listed"
"Broken Pottery 09","res://textures/objects/clutter/floor/broken_pottery_09.png","object","place_object","dungeondraft-built-in","Objects","","","mcp-list-assets","loaded-registry-listed"
"Broken Pottery 10","res://textures/objects/clutter/floor/broken_pottery_10.png","object","place_object","dungeondraft-built-in","Objects","","","mcp-list-assets","loaded-registry-listed"
"Broken Pottery 11","res://textures/objects/clutter/floor/broken_pottery_11.png","object","place_object","dungeondraft-built-in","Objects","","","mcp-list-assets","loaded-registry-listed"
"Floor Cloth 01","res://textures/objects/clutter/floor/floor_cloth_01.png","object","place_object","dungeondraft-built-in","Objects","","","mcp-list-assets","loaded-registry-listed"
"Floor Cloth 02","res://textures/objects/clutter/floor/floor_cloth_02.png","object","place_object","dungeondraft-built-in","Objects","","","mcp-list-assets","loaded-registry-listed"
"Floor Cloth 03","res://textures/objects/clutter/floor/floor_cloth_03.png","object","place_object","dungeondraft-built-in","Objects","","","mcp-list-assets","loaded-registry-listed"
"Floor Cloth 04","res://textures/objects/clutter/floor/floor_cloth_04.png","object","place_object","dungeondraft-built-in","Objects","","","mcp-list-assets","loaded-registry-listed"
"Floor Cloth 05","res://textures/objects/clutter/floor/floor_cloth_05.png","object","place_object","dungeondraft-built-in","Objects","","","mcp-list-assets","loaded-registry-listed"
"Toy 01","res://textures/objects/clutter/floor/toy_01.png","object","place_object","dungeondraft-built-in","Objects","","","mcp-list-assets","loaded-registry-listed"
"Toy 02","res://textures/objects/clutter/floor/toy_02.png","object","place_object","dungeondraft-built-in","Objects","","","mcp-list-assets","loaded-registry-listed"
"Toy 03","res://textures/objects/clutter/floor/toy_03.png","object","place_object","dungeondraft-built-in","Objects","","","mcp-list-assets","loaded-registry-listed"
"Cards 01","res://textures/objects/clutter/games/cards_01.png","object","place_object","dungeondraft-built-in","Objects","","","mcp-list-assets","loaded-registry-listed"
"Cards 02","res://textures/objects/clutter/games/cards_02.png","object","place_object","dungeondraft-built-in","Objects","","","mcp-list-assets","loaded-registry-listed"
"Cards 03","res://textures/objects/clutter/games/cards_03.png","object","place_object","dungeondraft-built-in","Objects","","","mcp-list-assets","loaded-registry-listed"
"Cards 04","res://textures/objects/clutter/games/cards_04.png","object","place_object","dungeondraft-built-in","Objects","","","mcp-list-assets","loaded-registry-listed"
"Cards 05","res://textures/objects/clutter/games/cards_05.png","object","place_object","dungeondraft-built-in","Objects","","","mcp-list-assets","loaded-registry-listed"
"Cards 06","res://textures/objects/clutter/games/cards_06.png","object","place_object","dungeondraft-built-in","Objects","","","mcp-list-assets","loaded-registry-listed"
"Cards 07","res://textures/objects/clutter/games/cards_07.png","object","place_object","dungeondraft-built-in","Objects","","","mcp-list-assets","loaded-registry-listed"
"Cards 08","res://textures/objects/clutter/games/cards_08.png","object","place_object","dungeondraft-built-in","Objects","","","mcp-list-assets","loaded-registry-listed"
"Cards 09","res://textures/objects/clutter/games/cards_09.png","object","place_object","dungeondraft-built-in","Objects","","","mcp-list-assets","loaded-registry-listed"
"Cards 10","res://textures/objects/clutter/games/cards_10.png","object","place_object","dungeondraft-built-in","Objects","","","mcp-list-assets","loaded-registry-listed"
"Cards 11","res://textures/objects/clutter/games/cards_11.png","object","place_object","dungeondraft-built-in","Objects","","","mcp-list-assets","loaded-registry-listed"
"Chess 01","res://textures/objects/clutter/games/chess_01.png","object","place_object","dungeondraft-built-in","Objects","","","mcp-list-assets","loaded-registry-listed"
"Chess 02","res://textures/objects/clutter/games/chess_02.png","object","place_object","dungeondraft-built-in","Objects","","","mcp-list-assets","loaded-registry-listed"
"Chess 03","res://textures/objects/clutter/games/chess_03.png","object","place_object","dungeondraft-built-in","Objects","","","mcp-list-assets","loaded-registry-listed"
"Chess 04","res://textures/objects/clutter/games/chess_04.png","object","place_object","dungeondraft-built-in","Objects","","","mcp-list-assets","loaded-registry-listed"
"Rock Lava 01","res://textures/objects/clutter/lava_rocks/rock_lava_01.png","object","place_object","dungeondraft-built-in","Objects","","","mcp-list-assets","loaded-registry-listed"
"Rock Lava 02","res://textures/objects/clutter/lava_rocks/rock_lava_02.png","object","place_object","dungeondraft-built-in","Objects","","","mcp-list-assets","loaded-registry-listed"
"Rock Lava 03","res://textures/objects/clutter/lava_rocks/rock_lava_03.png","object","place_object","dungeondraft-built-in","Objects","","","mcp-list-assets","loaded-registry-listed"
"Rock Lava 04","res://textures/objects/clutter/lava_rocks/rock_lava_04.png","object","place_object","dungeondraft-built-in","Objects","","","mcp-list-assets","loaded-registry-listed"
"Rock Lava 05","res://textures/objects/clutter/lava_rocks/rock_lava_05.png","object","place_object","dungeondraft-built-in","Objects","","","mcp-list-assets","loaded-registry-listed"
"Rock Lava 06","res://textures/objects/clutter/lava_rocks/rock_lava_06.png","object","place_object","dungeondraft-built-in","Objects","","","mcp-list-assets","loaded-registry-listed"
"Rock Lava 07","res://textures/objects/clutter/lava_rocks/rock_lava_07.png","object","place_object","dungeondraft-built-in","Objects","","","mcp-list-assets","loaded-registry-listed"
"Rock Lava 08","res://textures/objects/clutter/lava_rocks/rock_lava_08.png","object","place_object","dungeondraft-built-in","Objects","","","mcp-list-assets","loaded-registry-listed"
"Rock Lava 09","res://textures/objects/clutter/lava_rocks/rock_lava_09.png","object","place_object","dungeondraft-built-in","Objects","","","mcp-list-assets","loaded-registry-listed"
"Rock Lava 10","res://textures/objects/clutter/lava_rocks/rock_lava_10.png","object","place_object","dungeondraft-built-in","Objects","","","mcp-list-assets","loaded-registry-listed"
"Rubble 01","res://textures/objects/clutter/rubble/rubble_01.png","object","place_object","dungeondraft-built-in","Objects","","","mcp-list-assets","loaded-registry-listed"
"Rubble 02","res://textures/objects/clutter/rubble/rubble_02.png","object","place_object","dungeondraft-built-in","Objects","","","mcp-list-assets","loaded-registry-listed"
"Rubble 03","res://textures/objects/clutter/rubble/rubble_03.png","object","place_object","dungeondraft-built-in","Objects","","","mcp-list-assets","loaded-registry-listed"
"Rubble 04","res://textures/objects/clutter/rubble/rubble_04.png","object","place_object","dungeondraft-built-in","Objects","","","mcp-list-assets","loaded-registry-listed"
"Rubble 05","res://textures/objects/clutter/rubble/rubble_05.png","object","place_object","dungeondraft-built-in","Objects","","","mcp-list-assets","loaded-registry-listed"
"Rubble 06","res://textures/objects/clutter/rubble/rubble_06.png","object","place_object","dungeondraft-built-in","Objects","","","mcp-list-assets","loaded-registry-listed"
"Rubble 07","res://textures/objects/clutter/rubble/rubble_07.png","object","place_object","dungeondraft-built-in","Objects","","","mcp-list-assets","loaded-registry-listed"
"Rubble 08","res://textures/objects/clutter/rubble/rubble_08.png","object","place_object","dungeondraft-built-in","Objects","","","mcp-list-assets","loaded-registry-listed"
"Rubble 09","res://textures/objects/clutter/rubble/rubble_09.png","object","place_object","dungeondraft-built-in","Objects","","","mcp-list-assets","loaded-registry-listed"
"Rubble 10","res://textures/objects/clutter/rubble/rubble_10.png","object","place_object","dungeondraft-built-in","Objects","","","mcp-list-assets","loaded-registry-listed"
"Rubble 11","res://textures/objects/clutter/rubble/rubble_11.png","object","place_object","dungeondraft-built-in","Objects","","","mcp-list-assets","loaded-registry-listed"
"Rubble 12","res://textures/objects/clutter/rubble/rubble_12.png","object","place_object","dungeondraft-built-in","Objects","","","mcp-list-assets","loaded-registry-listed"
"Rubble 13","res://textures/objects/clutter/rubble/rubble_13.png","object","place_object","dungeondraft-built-in","Objects","","","mcp-list-assets","loaded-registry-listed"
"Rubble 14","res://textures/objects/clutter/rubble/rubble_14.png","object","place_object","dungeondraft-built-in","Objects","","","mcp-list-assets","loaded-registry-listed"
"Rubble 15","res://textures/objects/clutter/rubble/rubble_15.png","object","place_object","dungeondraft-built-in","Objects","","","mcp-list-assets","loaded-registry-listed"
"Rubble 16","res://textures/objects/clutter/rubble/rubble_16.png","object","place_object","dungeondraft-built-in","Objects","","","mcp-list-assets","loaded-registry-listed"
"Broom 01","res://textures/objects/clutter/tools/broom_01.png","object","place_object","dungeondraft-built-in","Objects","","","mcp-list-assets","loaded-registry-listed"
"Broom 02","res://textures/objects/clutter/tools/broom_02.png","object","place_object","dungeondraft-built-in","Objects","","","mcp-list-assets","loaded-registry-listed"
"Pitchfork","res://textures/objects/clutter/tools/pitchfork.png","object","place_object","dungeondraft-built-in","Objects","","","mcp-list-assets","loaded-registry-listed"
"Rope 01","res://textures/objects/clutter/tools/rope_01.png","object","place_object","dungeondraft-built-in","Objects","","","mcp-list-assets","loaded-registry-listed"
"Rope 02","res://textures/objects/clutter/tools/rope_02.png","object","place_object","dungeondraft-built-in","Objects","","","mcp-list-assets","loaded-registry-listed"
"Shovel","res://textures/objects/clutter/tools/shovel.png","object","place_object","dungeondraft-built-in","Objects","","","mcp-list-assets","loaded-registry-listed"
"Drowned Body 01","res://textures/objects/clutter/water/drowned_body_01.png","object","place_object","dungeondraft-built-in","Objects","","","mcp-list-assets","loaded-registry-listed"
"Drowned Body 02","res://textures/objects/clutter/water/drowned_body_02.png","object","place_object","dungeondraft-built-in","Objects","","","mcp-list-assets","loaded-registry-listed"
"Floating Log 01","res://textures/objects/clutter/water/floating_log_01.png","object","place_object","dungeondraft-built-in","Objects","","","mcp-list-assets","loaded-registry-listed"
"Floating Log 02","res://textures/objects/clutter/water/floating_log_02.png","object","place_object","dungeondraft-built-in","Objects","","","mcp-list-assets","loaded-registry-listed"
"Floating Log 03","res://textures/objects/clutter/water/floating_log_03.png","object","place_object","dungeondraft-built-in","Objects","","","mcp-list-assets","loaded-registry-listed"
"Floating Log 04","res://textures/objects/clutter/water/floating_log_04.png","object","place_object","dungeondraft-built-in","Objects","","","mcp-list-assets","loaded-registry-listed"
"Flotsam 01","res://textures/objects/clutter/water/flotsam_01.png","object","place_object","dungeondraft-built-in","Objects","","","mcp-list-assets","loaded-registry-listed"
"Flotsam 02","res://textures/objects/clutter/water/flotsam_02.png","object","place_object","dungeondraft-built-in","Objects","","","mcp-list-assets","loaded-registry-listed"
"Flotsam 03","res://textures/objects/clutter/water/flotsam_03.png","object","place_object","dungeondraft-built-in","Objects","","","mcp-list-assets","loaded-registry-listed"
"Flotsam 04","res://textures/objects/clutter/water/flotsam_04.png","object","place_object","dungeondraft-built-in","Objects","","","mcp-list-assets","loaded-registry-listed"
"Water Bottle","res://textures/objects/clutter/water/water_bottle.png","object","place_object","dungeondraft-built-in","Objects","","","mcp-list-assets","loaded-registry-listed"
"Water Circle 01","res://textures/objects/clutter/water/water_circle_01.png","object","place_object","dungeondraft-built-in","Objects","","","mcp-list-assets","loaded-registry-listed"
"Water Circle 02","res://textures/objects/clutter/water/water_circle_02.png","object","place_object","dungeondraft-built-in","Objects","","","mcp-list-assets","loaded-registry-listed"
"Water Circle 03","res://textures/objects/clutter/water/water_circle_03.png","object","place_object","dungeondraft-built-in","Objects","","","mcp-list-assets","loaded-registry-listed"
"Water Circle 04","res://textures/objects/clutter/water/water_circle_04.png","object","place_object","dungeondraft-built-in","Objects","","","mcp-list-assets","loaded-registry-listed"
"Water Circle 05","res://textures/objects/clutter/water/water_circle_05.png","object","place_object","dungeondraft-built-in","Objects","","","mcp-list-assets","loaded-registry-listed"
"Waterfall 01","res://textures/objects/clutter/water/waterfall_01.png","object","place_object","dungeondraft-built-in","Objects","","","mcp-list-assets","loaded-registry-listed"
"Waterfall Color 02","res://textures/objects/clutter/water/waterfall_color_02.png","object","place_object","dungeondraft-built-in","Objects","","","mcp-list-assets","loaded-registry-listed"
"Waterfall Color 03","res://textures/objects/clutter/water/waterfall_color_03.png","object","place_object","dungeondraft-built-in","Objects","","","mcp-list-assets","loaded-registry-listed"
"Waterfall Color 04","res://textures/objects/clutter/water/waterfall_color_04.png","object","place_object","dungeondraft-built-in","Objects","","","mcp-list-assets","loaded-registry-listed"
"Waterfall Color 05","res://textures/objects/clutter/water/waterfall_color_05.png","object","place_object","dungeondraft-built-in","Objects","","","mcp-list-assets","loaded-registry-listed"
"Waterfall Color 06","res://textures/objects/clutter/water/waterfall_color_06.png","object","place_object","dungeondraft-built-in","Objects","","","mcp-list-assets","loaded-registry-listed"
"Waterfall Color 07","res://textures/objects/clutter/water/waterfall_color_07.png","object","place_object","dungeondraft-built-in","Objects","","","mcp-list-assets","loaded-registry-listed"
"Waterfall Color 08","res://textures/objects/clutter/water/waterfall_color_08.png","object","place_object","dungeondraft-built-in","Objects","","","mcp-list-assets","loaded-registry-listed"
"Waterfall Color 09","res://textures/objects/clutter/water/waterfall_color_09.png","object","place_object","dungeondraft-built-in","Objects","","","mcp-list-assets","loaded-registry-listed"
"Waterfall Wave Color 10","res://textures/objects/clutter/water/waterfall_wave_color_10.png","object","place_object","dungeondraft-built-in","Objects","","","mcp-list-assets","loaded-registry-listed"
"Waterfall Wave Color 11","res://textures/objects/clutter/water/waterfall_wave_color_11.png","object","place_object","dungeondraft-built-in","Objects","","","mcp-list-assets","loaded-registry-listed"
"Waterfall Wave Color 12","res://textures/objects/clutter/water/waterfall_wave_color_12.png","object","place_object","dungeondraft-built-in","Objects","","","mcp-list-assets","loaded-registry-listed"
"Waterfall Wave Color 13","res://textures/objects/clutter/water/waterfall_wave_color_13.png","object","place_object","dungeondraft-built-in","Objects","","","mcp-list-assets","loaded-registry-listed"
"Waterfall Wave Color 14","res://textures/objects/clutter/water/waterfall_wave_color_14.png","object","place_object","dungeondraft-built-in","Objects","","","mcp-list-assets","loaded-registry-listed"
"Waterfall Wave Color 15","res://textures/objects/clutter/water/waterfall_wave_color_15.png","object","place_object","dungeondraft-built-in","Objects","","","mcp-list-assets","loaded-registry-listed"
"Waterfall Wave Color 16","res://textures/objects/clutter/water/waterfall_wave_color_16.png","object","place_object","dungeondraft-built-in","Objects","","","mcp-list-assets","loaded-registry-listed"
"Corpse 01","res://textures/objects/corpses/corpse_01.png","object","place_object","dungeondraft-built-in","Objects","","","mcp-list-assets","loaded-registry-listed"
"Corpse 02","res://textures/objects/corpses/corpse_02.png","object","place_object","dungeondraft-built-in","Objects","","","mcp-list-assets","loaded-registry-listed"
"Corpse 03","res://textures/objects/corpses/corpse_03.png","object","place_object","dungeondraft-built-in","Objects","","","mcp-list-assets","loaded-registry-listed"
"Corpse 04","res://textures/objects/corpses/corpse_04.png","object","place_object","dungeondraft-built-in","Objects","","","mcp-list-assets","loaded-registry-listed"
"Corpse 05","res://textures/objects/corpses/corpse_05.png","object","place_object","dungeondraft-built-in","Objects","","","mcp-list-assets","loaded-registry-listed"
"Corpse 06","res://textures/objects/corpses/corpse_06.png","object","place_object","dungeondraft-built-in","Objects","","","mcp-list-assets","loaded-registry-listed"
"Corpse 07","res://textures/objects/corpses/corpse_07.png","object","place_object","dungeondraft-built-in","Objects","","","mcp-list-assets","loaded-registry-listed"
"Corpse 08","res://textures/objects/corpses/corpse_08.png","object","place_object","dungeondraft-built-in","Objects","","","mcp-list-assets","loaded-registry-listed"
"Corpse 09","res://textures/objects/corpses/corpse_09.png","object","place_object","dungeondraft-built-in","Objects","","","mcp-list-assets","loaded-registry-listed"
"Corpse 10","res://textures/objects/corpses/corpse_10.png","object","place_object","dungeondraft-built-in","Objects","","","mcp-list-assets","loaded-registry-listed"
"Corpse 11","res://textures/objects/corpses/corpse_11.png","object","place_object","dungeondraft-built-in","Objects","","","mcp-list-assets","loaded-registry-listed"
"Corpse 12","res://textures/objects/corpses/corpse_12.png","object","place_object","dungeondraft-built-in","Objects","","","mcp-list-assets","loaded-registry-listed"
"Corpse 13","res://textures/objects/corpses/corpse_13.png","object","place_object","dungeondraft-built-in","Objects","","","mcp-list-assets","loaded-registry-listed"
"Corpse 14","res://textures/objects/corpses/corpse_14.png","object","place_object","dungeondraft-built-in","Objects","","","mcp-list-assets","loaded-registry-listed"
"Corpse 15","res://textures/objects/corpses/corpse_15.png","object","place_object","dungeondraft-built-in","Objects","","","mcp-list-assets","loaded-registry-listed"
"Corpse 16","res://textures/objects/corpses/corpse_16.png","object","place_object","dungeondraft-built-in","Objects","","","mcp-list-assets","loaded-registry-listed"
"Fish Silhiettes","res://textures/objects/creatures/aquatic/fish_silhiettes.png","object","place_object","dungeondraft-built-in","Objects","","","mcp-list-assets","loaded-registry-listed"
"Fish Underwater 01","res://textures/objects/creatures/aquatic/fish_underwater_01.png","object","place_object","dungeondraft-built-in","Objects","","","mcp-list-assets","loaded-registry-listed"
"Fish Underwater 02","res://textures/objects/creatures/aquatic/fish_underwater_02.png","object","place_object","dungeondraft-built-in","Objects","","","mcp-list-assets","loaded-registry-listed"
"Fish Underwater Eel 01","res://textures/objects/creatures/aquatic/fish_underwater_eel_01.png","object","place_object","dungeondraft-built-in","Objects","","","mcp-list-assets","loaded-registry-listed"
"Fish Underwater Eel 02","res://textures/objects/creatures/aquatic/fish_underwater_eel_02.png","object","place_object","dungeondraft-built-in","Objects","","","mcp-list-assets","loaded-registry-listed"
"Fish Underwater School 01","res://textures/objects/creatures/aquatic/fish_underwater_school_01.png","object","place_object","dungeondraft-built-in","Objects","","","mcp-list-assets","loaded-registry-listed"
"Fish Underwater School 02","res://textures/objects/creatures/aquatic/fish_underwater_school_02.png","object","place_object","dungeondraft-built-in","Objects","","","mcp-list-assets","loaded-registry-listed"
"Fish Underwater School 03","res://textures/objects/creatures/aquatic/fish_underwater_school_03.png","object","place_object","dungeondraft-built-in","Objects","","","mcp-list-assets","loaded-registry-listed"
"Fish Underwater Shark 01","res://textures/objects/creatures/aquatic/fish_underwater_shark_01.png","object","place_object","dungeondraft-built-in","Objects","","","mcp-list-assets","loaded-registry-listed"
"Fish Underwater Shark 02","res://textures/objects/creatures/aquatic/fish_underwater_shark_02.png","object","place_object","dungeondraft-built-in","Objects","","","mcp-list-assets","loaded-registry-listed"
"Fish Underwater Whale 01","res://textures/objects/creatures/aquatic/fish_underwater_whale_01.png","object","place_object","dungeondraft-built-in","Objects","","","mcp-list-assets","loaded-registry-listed"
"Kraken Head","res://textures/objects/creatures/aquatic/kraken_head.png","object","place_object","dungeondraft-built-in","Objects","","","mcp-list-assets","loaded-registry-listed"
"Kraken Tentacle 01","res://textures/objects/creatures/aquatic/kraken_tentacle_01.png","object","place_object","dungeondraft-built-in","Objects","","","mcp-list-assets","loaded-registry-listed"
"Kraken Tentacle 02","res://textures/objects/creatures/aquatic/kraken_tentacle_02.png","object","place_object","dungeondraft-built-in","Objects","","","mcp-list-assets","loaded-registry-listed"
"Kraken Tentacle 03","res://textures/objects/creatures/aquatic/kraken_tentacle_03.png","object","place_object","dungeondraft-built-in","Objects","","","mcp-list-assets","loaded-registry-listed"
"Kraken Tentacle 04","res://textures/objects/creatures/aquatic/kraken_tentacle_04.png","object","place_object","dungeondraft-built-in","Objects","","","mcp-list-assets","loaded-registry-listed"
"Kraken Tentacle 05","res://textures/objects/creatures/aquatic/kraken_tentacle_05.png","object","place_object","dungeondraft-built-in","Objects","","","mcp-list-assets","loaded-registry-listed"
"Cat 01","res://textures/objects/creatures/domesticated/cat_01.png","object","place_object","dungeondraft-built-in","Objects","","","mcp-list-assets","loaded-registry-listed"
"Cow 01","res://textures/objects/creatures/domesticated/cow_01.png","object","place_object","dungeondraft-built-in","Objects","","","mcp-list-assets","loaded-registry-listed"
"Ox 01","res://textures/objects/creatures/domesticated/ox_01.png","object","place_object","dungeondraft-built-in","Objects","","","mcp-list-assets","loaded-registry-listed"
"Pig 01","res://textures/objects/creatures/domesticated/pig_01.png","object","place_object","dungeondraft-built-in","Objects","","","mcp-list-assets","loaded-registry-listed"
"Sheep 01","res://textures/objects/creatures/domesticated/sheep_01.png","object","place_object","dungeondraft-built-in","Objects","","","mcp-list-assets","loaded-registry-listed"
"Bird Nest 01","res://textures/objects/creatures/bird_nest_01.png","object","place_object","dungeondraft-built-in","Objects","","","mcp-list-assets","loaded-registry-listed"
"Bird Nest 02","res://textures/objects/creatures/bird_nest_02.png","object","place_object","dungeondraft-built-in","Objects","","","mcp-list-assets","loaded-registry-listed"
"Bird Nest 03","res://textures/objects/creatures/bird_nest_03.png","object","place_object","dungeondraft-built-in","Objects","","","mcp-list-assets","loaded-registry-listed"
"Bird Nest 04","res://textures/objects/creatures/bird_nest_04.png","object","place_object","dungeondraft-built-in","Objects","","","mcp-list-assets","loaded-registry-listed"
"Bird Nest 05","res://textures/objects/creatures/bird_nest_05.png","object","place_object","dungeondraft-built-in","Objects","","","mcp-list-assets","loaded-registry-listed"
"Egg 01","res://textures/objects/creatures/egg_01.png","object","place_object","dungeondraft-built-in","Objects","","","mcp-list-assets","loaded-registry-listed"
"Egg 02","res://textures/objects/creatures/egg_02.png","object","place_object","dungeondraft-built-in","Objects","","","mcp-list-assets","loaded-registry-listed"
"Egg 03","res://textures/objects/creatures/egg_03.png","object","place_object","dungeondraft-built-in","Objects","","","mcp-list-assets","loaded-registry-listed"
"Egg 04","res://textures/objects/creatures/egg_04.png","object","place_object","dungeondraft-built-in","Objects","","","mcp-list-assets","loaded-registry-listed"
"Egg Big 01","res://textures/objects/creatures/egg_big_01.png","object","place_object","dungeondraft-built-in","Objects","","","mcp-list-assets","loaded-registry-listed"
"Egg Big 02","res://textures/objects/creatures/egg_big_02.png","object","place_object","dungeondraft-built-in","Objects","","","mcp-list-assets","loaded-registry-listed"
"Egg Big 03","res://textures/objects/creatures/egg_big_03.png","object","place_object","dungeondraft-built-in","Objects","","","mcp-list-assets","loaded-registry-listed"
"Egg Big 04","res://textures/objects/creatures/egg_big_04.png","object","place_object","dungeondraft-built-in","Objects","","","mcp-list-assets","loaded-registry-listed"
"Mouse","res://textures/objects/creatures/mouse.png","object","place_object","dungeondraft-built-in","Objects","","","mcp-list-assets","loaded-registry-listed"
"Pigeon 01","res://textures/objects/creatures/pigeon_01.png","object","place_object","dungeondraft-built-in","Objects","","","mcp-list-assets","loaded-registry-listed"
"Pigeon 02","res://textures/objects/creatures/pigeon_02.png","object","place_object","dungeondraft-built-in","Objects","","","mcp-list-assets","loaded-registry-listed"
"Pigeon 03","res://textures/objects/creatures/pigeon_03.png","object","place_object","dungeondraft-built-in","Objects","","","mcp-list-assets","loaded-registry-listed"
"Raven 1","res://textures/objects/creatures/raven_1.png","object","place_object","dungeondraft-built-in","Objects","","","mcp-list-assets","loaded-registry-listed"
"Raven 2","res://textures/objects/creatures/raven_2.png","object","place_object","dungeondraft-built-in","Objects","","","mcp-list-assets","loaded-registry-listed"
"Raven 3","res://textures/objects/creatures/raven_3.png","object","place_object","dungeondraft-built-in","Objects","","","mcp-list-assets","loaded-registry-listed"
"Raven 4","res://textures/objects/creatures/raven_4.png","object","place_object","dungeondraft-built-in","Objects","","","mcp-list-assets","loaded-registry-listed"
"Roe 01","res://textures/objects/creatures/roe_01.png","object","place_object","dungeondraft-built-in","Objects","","","mcp-list-assets","loaded-registry-listed"
"Roe 02","res://textures/objects/creatures/roe_02.png","object","place_object","dungeondraft-built-in","Objects","","","mcp-list-assets","loaded-registry-listed"
"Roe 03","res://textures/objects/creatures/roe_03.png","object","place_object","dungeondraft-built-in","Objects","","","mcp-list-assets","loaded-registry-listed"
"Roe 04","res://textures/objects/creatures/roe_04.png","object","place_object","dungeondraft-built-in","Objects","","","mcp-list-assets","loaded-registry-listed"
"Roe 05","res://textures/objects/creatures/roe_05.png","object","place_object","dungeondraft-built-in","Objects","","","mcp-list-assets","loaded-registry-listed"
"Gallows","res://textures/objects/crime/gallows.png","object","place_object","dungeondraft-built-in","Objects","","","mcp-list-assets","loaded-registry-listed"
"Guillotine","res://textures/objects/crime/guillotine.png","object","place_object","dungeondraft-built-in","Objects","","","mcp-list-assets","loaded-registry-listed"
"Hanging Cage 01","res://textures/objects/crime/hanging_cage_01.png","object","place_object","dungeondraft-built-in","Objects","","","mcp-list-assets","loaded-registry-listed"
"Hanging Cage 02","res://textures/objects/crime/hanging_cage_02.png","object","place_object","dungeondraft-built-in","Objects","","","mcp-list-assets","loaded-registry-listed"
"Bone Pile","res://textures/objects/decor/dungeon/bone_pile.png","object","place_object","dungeondraft-built-in","Objects","","","mcp-list-assets","loaded-registry-listed"
"Bone Pile 02","res://textures/objects/decor/dungeon/bone_pile_02.png","object","place_object","dungeondraft-built-in","Objects","","","mcp-list-assets","loaded-registry-listed"
"Bone Pile 03","res://textures/objects/decor/dungeon/bone_pile_03.png","object","place_object","dungeondraft-built-in","Objects","","","mcp-list-assets","loaded-registry-listed"
"Bone Pile 04","res://textures/objects/decor/dungeon/bone_pile_04.png","object","place_object","dungeondraft-built-in","Objects","","","mcp-list-assets","loaded-registry-listed"
"Bone Pile 05","res://textures/objects/decor/dungeon/bone_pile_05.png","object","place_object","dungeondraft-built-in","Objects","","","mcp-list-assets","loaded-registry-listed"
"Bone Pile 06","res://textures/objects/decor/dungeon/bone_pile_06.png","object","place_object","dungeondraft-built-in","Objects","","","mcp-list-assets","loaded-registry-listed"
"Coffin 01","res://textures/objects/decor/dungeon/coffin_01.png","object","place_object","dungeondraft-built-in","Objects","","","mcp-list-assets","loaded-registry-listed"
"Coffin 02","res://textures/objects/decor/dungeon/coffin_02.png","object","place_object","dungeondraft-built-in","Objects","","","mcp-list-assets","loaded-registry-listed"
"Coffin 03","res://textures/objects/decor/dungeon/coffin_03.png","object","place_object","dungeondraft-built-in","Objects","","","mcp-list-assets","loaded-registry-listed"
"Coffin 04","res://textures/objects/decor/dungeon/coffin_04.png","object","place_object","dungeondraft-built-in","Objects","","","mcp-list-assets","loaded-registry-listed"
"Coffin 05","res://textures/objects/decor/dungeon/coffin_05.png","object","place_object","dungeondraft-built-in","Objects","","","mcp-list-assets","loaded-registry-listed"
"Coffin 06","res://textures/objects/decor/dungeon/coffin_06.png","object","place_object","dungeondraft-built-in","Objects","","","mcp-list-assets","loaded-registry-listed"
"Corpse 01","res://textures/objects/decor/dungeon/corpse_01.png","object","place_object","dungeondraft-built-in","Objects","","","mcp-list-assets","loaded-registry-listed"
"Corpse 02","res://textures/objects/decor/dungeon/corpse_02.png","object","place_object","dungeondraft-built-in","Objects","","","mcp-list-assets","loaded-registry-listed"
"Dragon Skull 01","res://textures/objects/decor/dungeon/dragon_skull_01.png","object","place_object","dungeondraft-built-in","Objects","","","mcp-list-assets","loaded-registry-listed"
"Dragon Skull 02","res://textures/objects/decor/dungeon/dragon_skull_02.png","object","place_object","dungeondraft-built-in","Objects","","","mcp-list-assets","loaded-registry-listed"
"Dragon Skull 03","res://textures/objects/decor/dungeon/dragon_skull_03.png","object","place_object","dungeondraft-built-in","Objects","","","mcp-list-assets","loaded-registry-listed"
"Dragon Skull 04","res://textures/objects/decor/dungeon/dragon_skull_04.png","object","place_object","dungeondraft-built-in","Objects","","","mcp-list-assets","loaded-registry-listed"
"Dragon Skull 05","res://textures/objects/decor/dungeon/dragon_skull_05.png","object","place_object","dungeondraft-built-in","Objects","","","mcp-list-assets","loaded-registry-listed"
"Dragon Skull 06","res://textures/objects/decor/dungeon/dragon_skull_06.png","object","place_object","dungeondraft-built-in","Objects","","","mcp-list-assets","loaded-registry-listed"
"Gem Pile 01","res://textures/objects/decor/dungeon/gem_pile_01.png","object","place_object","dungeondraft-built-in","Objects","","","mcp-list-assets","loaded-registry-listed"
"Gem Pile 02","res://textures/objects/decor/dungeon/gem_pile_02.png","object","place_object","dungeondraft-built-in","Objects","","","mcp-list-assets","loaded-registry-listed"
"Gem Pile 03","res://textures/objects/decor/dungeon/gem_pile_03.png","object","place_object","dungeondraft-built-in","Objects","","","mcp-list-assets","loaded-registry-listed"
"Gem Pile 04","res://textures/objects/decor/dungeon/gem_pile_04.png","object","place_object","dungeondraft-built-in","Objects","","","mcp-list-assets","loaded-registry-listed"
"Gem Pile 05","res://textures/objects/decor/dungeon/gem_pile_05.png","object","place_object","dungeondraft-built-in","Objects","","","mcp-list-assets","loaded-registry-listed"
"Gold Pile 01","res://textures/objects/decor/dungeon/gold_pile_01.png","object","place_object","dungeondraft-built-in","Objects","","","mcp-list-assets","loaded-registry-listed"
"Gold Pile 02","res://textures/objects/decor/dungeon/gold_pile_02.png","object","place_object","dungeondraft-built-in","Objects","","","mcp-list-assets","loaded-registry-listed"
"Gold Pile 03","res://textures/objects/decor/dungeon/gold_pile_03.png","object","place_object","dungeondraft-built-in","Objects","","","mcp-list-assets","loaded-registry-listed"
"Gold Pile 04","res://textures/objects/decor/dungeon/gold_pile_04.png","object","place_object","dungeondraft-built-in","Objects","","","mcp-list-assets","loaded-registry-listed"
"Gold Pile 05","res://textures/objects/decor/dungeon/gold_pile_05.png","object","place_object","dungeondraft-built-in","Objects","","","mcp-list-assets","loaded-registry-listed"
"Gold Pile 06","res://textures/objects/decor/dungeon/gold_pile_06.png","object","place_object","dungeondraft-built-in","Objects","","","mcp-list-assets","loaded-registry-listed"
"Knight 01","res://textures/objects/decor/dungeon/knight_01.png","object","place_object","dungeondraft-built-in","Objects","","","mcp-list-assets","loaded-registry-listed"
"Knight 02","res://textures/objects/decor/dungeon/knight_02.png","object","place_object","dungeondraft-built-in","Objects","","","mcp-list-assets","loaded-registry-listed"
"Monster Bones 01","res://textures/objects/decor/dungeon/monster_bones_01.png","object","place_object","dungeondraft-built-in","Objects","","","mcp-list-assets","loaded-registry-listed"
"Monster Bones 02","res://textures/objects/decor/dungeon/monster_bones_02.png","object","place_object","dungeondraft-built-in","Objects","","","mcp-list-assets","loaded-registry-listed"
"Monster Bones 03","res://textures/objects/decor/dungeon/monster_bones_03.png","object","place_object","dungeondraft-built-in","Objects","","","mcp-list-assets","loaded-registry-listed"
"Monster Bones 04","res://textures/objects/decor/dungeon/monster_bones_04.png","object","place_object","dungeondraft-built-in","Objects","","","mcp-list-assets","loaded-registry-listed"
"Monster Bones 05","res://textures/objects/decor/dungeon/monster_bones_05.png","object","place_object","dungeondraft-built-in","Objects","","","mcp-list-assets","loaded-registry-listed"
"Monster Bones 06","res://textures/objects/decor/dungeon/monster_bones_06.png","object","place_object","dungeondraft-built-in","Objects","","","mcp-list-assets","loaded-registry-listed"
"Mummy 01","res://textures/objects/decor/dungeon/mummy_01.png","object","place_object","dungeondraft-built-in","Objects","","","mcp-list-assets","loaded-registry-listed"
"Mummy 02","res://textures/objects/decor/dungeon/mummy_02.png","object","place_object","dungeondraft-built-in","Objects","","","mcp-list-assets","loaded-registry-listed"
"Sarcophagus 01","res://textures/objects/decor/dungeon/sarcophagus_01.png","object","place_object","dungeondraft-built-in","Objects","","","mcp-list-assets","loaded-registry-listed"
"Sarcophagus 02","res://textures/objects/decor/dungeon/sarcophagus_02.png","object","place_object","dungeondraft-built-in","Objects","","","mcp-list-assets","loaded-registry-listed"
"Sarcophagus 03","res://textures/objects/decor/dungeon/sarcophagus_03.png","object","place_object","dungeondraft-built-in","Objects","","","mcp-list-assets","loaded-registry-listed"
"Sarcophagus 04","res://textures/objects/decor/dungeon/sarcophagus_04.png","object","place_object","dungeondraft-built-in","Objects","","","mcp-list-assets","loaded-registry-listed"
"Skeleton 01","res://textures/objects/decor/dungeon/skeleton_01.png","object","place_object","dungeondraft-built-in","Objects","","","mcp-list-assets","loaded-registry-listed"
"Skeleton 02","res://textures/objects/decor/dungeon/skeleton_02.png","object","place_object","dungeondraft-built-in","Objects","","","mcp-list-assets","loaded-registry-listed"
"Skeleton 03","res://textures/objects/decor/dungeon/skeleton_03.png","object","place_object","dungeondraft-built-in","Objects","","","mcp-list-assets","loaded-registry-listed"
"Skeleton 04","res://textures/objects/decor/dungeon/skeleton_04.png","object","place_object","dungeondraft-built-in","Objects","","","mcp-list-assets","loaded-registry-listed"
"Skeleton 05","res://textures/objects/decor/dungeon/skeleton_05.png","object","place_object","dungeondraft-built-in","Objects","","","mcp-list-assets","loaded-registry-listed"
"Skeleton 06","res://textures/objects/decor/dungeon/skeleton_06.png","object","place_object","dungeondraft-built-in","Objects","","","mcp-list-assets","loaded-registry-listed"
"Skeleton 07","res://textures/objects/decor/dungeon/skeleton_07.png","object","place_object","dungeondraft-built-in","Objects","","","mcp-list-assets","loaded-registry-listed"
"Skeleton 08","res://textures/objects/decor/dungeon/skeleton_08.png","object","place_object","dungeondraft-built-in","Objects","","","mcp-list-assets","loaded-registry-listed"
"Skeleton Grave 01","res://textures/objects/decor/dungeon/skeleton_grave_01.png","object","place_object","dungeondraft-built-in","Objects","","","mcp-list-assets","loaded-registry-listed"
"Skeleton Grave 02","res://textures/objects/decor/dungeon/skeleton_grave_02.png","object","place_object","dungeondraft-built-in","Objects","","","mcp-list-assets","loaded-registry-listed"
"Skeleton Grave 03","res://textures/objects/decor/dungeon/skeleton_grave_03.png","object","place_object","dungeondraft-built-in","Objects","","","mcp-list-assets","loaded-registry-listed"
"Skeleton Grave 04","res://textures/objects/decor/dungeon/skeleton_grave_04.png","object","place_object","dungeondraft-built-in","Objects","","","mcp-list-assets","loaded-registry-listed"
"Skeleton Horse","res://textures/objects/decor/dungeon/skeleton_horse.png","object","place_object","dungeondraft-built-in","Objects","","","mcp-list-assets","loaded-registry-listed"
"Skull 01","res://textures/objects/decor/dungeon/skull_01.png","object","place_object","dungeondraft-built-in","Objects","","","mcp-list-assets","loaded-registry-listed"
"Skull 02","res://textures/objects/decor/dungeon/skull_02.png","object","place_object","dungeondraft-built-in","Objects","","","mcp-list-assets","loaded-registry-listed"
"Treasure Chest 01","res://textures/objects/decor/dungeon/treasure_chest_01.png","object","place_object","dungeondraft-built-in","Objects","","","mcp-list-assets","loaded-registry-listed"
"Treasure Chest 02","res://textures/objects/decor/dungeon/treasure_chest_02.png","object","place_object","dungeondraft-built-in","Objects","","","mcp-list-assets","loaded-registry-listed"
"Treasure Chest 03","res://textures/objects/decor/dungeon/treasure_chest_03.png","object","place_object","dungeondraft-built-in","Objects","","","mcp-list-assets","loaded-registry-listed"
"Bear Rug","res://textures/objects/decor/floor/bear_rug.png","object","place_object","dungeondraft-built-in","Objects","","","mcp-list-assets","loaded-registry-listed"
"Big Vase 01","res://textures/objects/decor/floor/big_vase_01.png","object","place_object","dungeondraft-built-in","Objects","","","mcp-list-assets","loaded-registry-listed"
"Big Vase 02","res://textures/objects/decor/floor/big_vase_02.png","object","place_object","dungeondraft-built-in","Objects","","","mcp-list-assets","loaded-registry-listed"
"Carpet 01","res://textures/objects/decor/floor/carpet_01.png","object","place_object","dungeondraft-built-in","Objects","","","mcp-list-assets","loaded-registry-listed"
"Carpet 02","res://textures/objects/decor/floor/carpet_02.png","object","place_object","dungeondraft-built-in","Objects","","","mcp-list-assets","loaded-registry-listed"
"Carpet 03","res://textures/objects/decor/floor/carpet_03.png","object","place_object","dungeondraft-built-in","Objects","","","mcp-list-assets","loaded-registry-listed"
"Carpet 04","res://textures/objects/decor/floor/carpet_04.png","object","place_object","dungeondraft-built-in","Objects","","","mcp-list-assets","loaded-registry-listed"
"Carpet 05","res://textures/objects/decor/floor/carpet_05.png","object","place_object","dungeondraft-built-in","Objects","","","mcp-list-assets","loaded-registry-listed"
"Carpet 06","res://textures/objects/decor/floor/carpet_06.png","object","place_object","dungeondraft-built-in","Objects","","","mcp-list-assets","loaded-registry-listed"
"Rug Boar","res://textures/objects/decor/floor/rug_boar.png","object","place_object","dungeondraft-built-in","Objects","","","mcp-list-assets","loaded-registry-listed"
"Rug Cow 01","res://textures/objects/decor/floor/rug_cow_01.png","object","place_object","dungeondraft-built-in","Objects","","","mcp-list-assets","loaded-registry-listed"
"Rug Cow 02","res://textures/objects/decor/floor/rug_cow_02.png","object","place_object","dungeondraft-built-in","Objects","","","mcp-list-assets","loaded-registry-listed"
"Rug Fox","res://textures/objects/decor/floor/rug_fox.png","object","place_object","dungeondraft-built-in","Objects","","","mcp-list-assets","loaded-registry-listed"
"Rug Lizard","res://textures/objects/decor/floor/rug_lizard.png","object","place_object","dungeondraft-built-in","Objects","","","mcp-list-assets","loaded-registry-listed"
"Rug Sheep","res://textures/objects/decor/floor/rug_sheep.png","object","place_object","dungeondraft-built-in","Objects","","","mcp-list-assets","loaded-registry-listed"
"Rug Wolf","res://textures/objects/decor/floor/rug_wolf.png","object","place_object","dungeondraft-built-in","Objects","","","mcp-list-assets","loaded-registry-listed"
"Tiger Rug","res://textures/objects/decor/floor/tiger_rug.png","object","place_object","dungeondraft-built-in","Objects","","","mcp-list-assets","loaded-registry-listed"
"Vase","res://textures/objects/decor/floor/vase.png","object","place_object","dungeondraft-built-in","Objects","","","mcp-list-assets","loaded-registry-listed"
"Gargoyle 01","res://textures/objects/decor/gargoyles/gargoyle_01.png","object","place_object","dungeondraft-built-in","Objects","","","mcp-list-assets","loaded-registry-listed"
"Gargoyle 02","res://textures/objects/decor/gargoyles/gargoyle_02.png","object","place_object","dungeondraft-built-in","Objects","","","mcp-list-assets","loaded-registry-listed"
"Gargoyle 03","res://textures/objects/decor/gargoyles/gargoyle_03.png","object","place_object","dungeondraft-built-in","Objects","","","mcp-list-assets","loaded-registry-listed"
"Gargoyle 04","res://textures/objects/decor/gargoyles/gargoyle_04.png","object","place_object","dungeondraft-built-in","Objects","","","mcp-list-assets","loaded-registry-listed"
"Gargoyle 05","res://textures/objects/decor/gargoyles/gargoyle_05.png","object","place_object","dungeondraft-built-in","Objects","","","mcp-list-assets","loaded-registry-listed"
"Gargoyle 06","res://textures/objects/decor/gargoyles/gargoyle_06.png","object","place_object","dungeondraft-built-in","Objects","","","mcp-list-assets","loaded-registry-listed"
"Gargoyle 07","res://textures/objects/decor/gargoyles/gargoyle_07.png","object","place_object","dungeondraft-built-in","Objects","","","mcp-list-assets","loaded-registry-listed"
"Gargoyle 08","res://textures/objects/decor/gargoyles/gargoyle_08.png","object","place_object","dungeondraft-built-in","Objects","","","mcp-list-assets","loaded-registry-listed"
"Flute","res://textures/objects/decor/instruments/flute.png","object","place_object","dungeondraft-built-in","Objects","","","mcp-list-assets","loaded-registry-listed"
"Harp","res://textures/objects/decor/instruments/harp.png","object","place_object","dungeondraft-built-in","Objects","","","mcp-list-assets","loaded-registry-listed"
"Lute","res://textures/objects/decor/instruments/lute.png","object","place_object","dungeondraft-built-in","Objects","","","mcp-list-assets","loaded-registry-listed"
"Lyre 01","res://textures/objects/decor/instruments/lyre_01.png","object","place_object","dungeondraft-built-in","Objects","","","mcp-list-assets","loaded-registry-listed"
"Lyre 02","res://textures/objects/decor/instruments/lyre_02.png","object","place_object","dungeondraft-built-in","Objects","","","mcp-list-assets","loaded-registry-listed"
"Organ","res://textures/objects/decor/instruments/organ.png","object","place_object","dungeondraft-built-in","Objects","","","mcp-list-assets","loaded-registry-listed"
"Piano","res://textures/objects/decor/instruments/piano.png","object","place_object","dungeondraft-built-in","Objects","","","mcp-list-assets","loaded-registry-listed"
"Bowl Lamp 01","res://textures/objects/decor/lighting/bowl_lamp_01.png","object","place_object","dungeondraft-built-in","Objects","","","mcp-list-assets","loaded-registry-listed"
"Bowl Lamp 02","res://textures/objects/decor/lighting/bowl_lamp_02.png","object","place_object","dungeondraft-built-in","Objects","","","mcp-list-assets","loaded-registry-listed"
"Chandelier 01","res://textures/objects/decor/lighting/chandelier_01.png","object","place_object","dungeondraft-built-in","Objects","","","mcp-list-assets","loaded-registry-listed"
"Chandelier 02","res://textures/objects/decor/lighting/chandelier_02.png","object","place_object","dungeondraft-built-in","Objects","","","mcp-list-assets","loaded-registry-listed"
"Lantern 01","res://textures/objects/decor/lighting/lantern_01.png","object","place_object","dungeondraft-built-in","Objects","","","mcp-list-assets","loaded-registry-listed"
"Lantern 02","res://textures/objects/decor/lighting/lantern_02.png","object","place_object","dungeondraft-built-in","Objects","","","mcp-list-assets","loaded-registry-listed"
"Torch 01","res://textures/objects/decor/lighting/torch_01.png","object","place_object","dungeondraft-built-in","Objects","","","mcp-list-assets","loaded-registry-listed"
"Wall Torch 01","res://textures/objects/decor/lighting/wall_torch_01.png","object","place_object","dungeondraft-built-in","Objects","","","mcp-list-assets","loaded-registry-listed"
"Wall Torch 02","res://textures/objects/decor/lighting/wall_torch_02.png","object","place_object","dungeondraft-built-in","Objects","","","mcp-list-assets","loaded-registry-listed"
"Gargoyle 01","res://textures/objects/decor/statues/gargoyle_01.png","object","place_object","dungeondraft-built-in","Objects","","","mcp-list-assets","loaded-registry-listed"
"Gargoyle 02","res://textures/objects/decor/statues/gargoyle_02.png","object","place_object","dungeondraft-built-in","Objects","","","mcp-list-assets","loaded-registry-listed"
"Gargoyle 03","res://textures/objects/decor/statues/gargoyle_03.png","object","place_object","dungeondraft-built-in","Objects","","","mcp-list-assets","loaded-registry-listed"
"Gargoyle 04","res://textures/objects/decor/statues/gargoyle_04.png","object","place_object","dungeondraft-built-in","Objects","","","mcp-list-assets","loaded-registry-listed"
"Gargoyle 05","res://textures/objects/decor/statues/gargoyle_05.png","object","place_object","dungeondraft-built-in","Objects","","","mcp-list-assets","loaded-registry-listed"
"Gargoyle 06","res://textures/objects/decor/statues/gargoyle_06.png","object","place_object","dungeondraft-built-in","Objects","","","mcp-list-assets","loaded-registry-listed"
"Gargoyle 07","res://textures/objects/decor/statues/gargoyle_07.png","object","place_object","dungeondraft-built-in","Objects","","","mcp-list-assets","loaded-registry-listed"
"Gargoyle 08","res://textures/objects/decor/statues/gargoyle_08.png","object","place_object","dungeondraft-built-in","Objects","","","mcp-list-assets","loaded-registry-listed"
"Statue 01","res://textures/objects/decor/statues/statue_01.png","object","place_object","dungeondraft-built-in","Objects","","","mcp-list-assets","loaded-registry-listed"
"Statue 02","res://textures/objects/decor/statues/statue_02.png","object","place_object","dungeondraft-built-in","Objects","","","mcp-list-assets","loaded-registry-listed"
"Statue 03","res://textures/objects/decor/statues/statue_03.png","object","place_object","dungeondraft-built-in","Objects","","","mcp-list-assets","loaded-registry-listed"
"Statue 04","res://textures/objects/decor/statues/statue_04.png","object","place_object","dungeondraft-built-in","Objects","","","mcp-list-assets","loaded-registry-listed"
"Statue 05","res://textures/objects/decor/statues/statue_05.png","object","place_object","dungeondraft-built-in","Objects","","","mcp-list-assets","loaded-registry-listed"
"Statue 06","res://textures/objects/decor/statues/statue_06.png","object","place_object","dungeondraft-built-in","Objects","","","mcp-list-assets","loaded-registry-listed"
"Statue 07","res://textures/objects/decor/statues/statue_07.png","object","place_object","dungeondraft-built-in","Objects","","","mcp-list-assets","loaded-registry-listed"
"Statue 08","res://textures/objects/decor/statues/statue_08.png","object","place_object","dungeondraft-built-in","Objects","","","mcp-list-assets","loaded-registry-listed"
"Statue Wood 08","res://textures/objects/decor/statues/statue__wood_08.png","object","place_object","dungeondraft-built-in","Objects","","","mcp-list-assets","loaded-registry-listed"
"Statue Animal Stone 01","res://textures/objects/decor/statues/statue_animal_stone_01.png","object","place_object","dungeondraft-built-in","Objects","","","mcp-list-assets","loaded-registry-listed"
"Statue Animal Stone 02","res://textures/objects/decor/statues/statue_animal_stone_02.png","object","place_object","dungeondraft-built-in","Objects","","","mcp-list-assets","loaded-registry-listed"
"Statue Animal Stone 03","res://textures/objects/decor/statues/statue_animal_stone_03.png","object","place_object","dungeondraft-built-in","Objects","","","mcp-list-assets","loaded-registry-listed"
"Statue Animal Stone 04","res://textures/objects/decor/statues/statue_animal_stone_04.png","object","place_object","dungeondraft-built-in","Objects","","","mcp-list-assets","loaded-registry-listed"
"Statue Animal Stone 05","res://textures/objects/decor/statues/statue_animal_stone_05.png","object","place_object","dungeondraft-built-in","Objects","","","mcp-list-assets","loaded-registry-listed"
"Statue Animal Stone 06","res://textures/objects/decor/statues/statue_animal_stone_06.png","object","place_object","dungeondraft-built-in","Objects","","","mcp-list-assets","loaded-registry-listed"
"Statue Animal Stone 07","res://textures/objects/decor/statues/statue_animal_stone_07.png","object","place_object","dungeondraft-built-in","Objects","","","mcp-list-assets","loaded-registry-listed"
"Statue Animal Stone 08","res://textures/objects/decor/statues/statue_animal_stone_08.png","object","place_object","dungeondraft-built-in","Objects","","","mcp-list-assets","loaded-registry-listed"
"Statue Animal Stone 09","res://textures/objects/decor/statues/statue_animal_stone_09.png","object","place_object","dungeondraft-built-in","Objects","","","mcp-list-assets","loaded-registry-listed"
"Statue Animal Stone 10","res://textures/objects/decor/statues/statue_animal_stone_10.png","object","place_object","dungeondraft-built-in","Objects","","","mcp-list-assets","loaded-registry-listed"
"Statue Animal Wood 01","res://textures/objects/decor/statues/statue_animal_wood_01.png","object","place_object","dungeondraft-built-in","Objects","","","mcp-list-assets","loaded-registry-listed"
"Statue Animal Wood 02","res://textures/objects/decor/statues/statue_animal_wood_02.png","object","place_object","dungeondraft-built-in","Objects","","","mcp-list-assets","loaded-registry-listed"
"Statue Animal Wood 03","res://textures/objects/decor/statues/statue_animal_wood_03.png","object","place_object","dungeondraft-built-in","Objects","","","mcp-list-assets","loaded-registry-listed"
"Statue Animal Wood 04","res://textures/objects/decor/statues/statue_animal_wood_04.png","object","place_object","dungeondraft-built-in","Objects","","","mcp-list-assets","loaded-registry-listed"
"Statue Animal Wood 05","res://textures/objects/decor/statues/statue_animal_wood_05.png","object","place_object","dungeondraft-built-in","Objects","","","mcp-list-assets","loaded-registry-listed"
"Statue Animal Wood 06","res://textures/objects/decor/statues/statue_animal_wood_06.png","object","place_object","dungeondraft-built-in","Objects","","","mcp-list-assets","loaded-registry-listed"
"Statue Animal Wood 07","res://textures/objects/decor/statues/statue_animal_wood_07.png","object","place_object","dungeondraft-built-in","Objects","","","mcp-list-assets","loaded-registry-listed"
"Statue Animal Wood 08","res://textures/objects/decor/statues/statue_animal_wood_08.png","object","place_object","dungeondraft-built-in","Objects","","","mcp-list-assets","loaded-registry-listed"
"Statue Animal Wood 09","res://textures/objects/decor/statues/statue_animal_wood_09.png","object","place_object","dungeondraft-built-in","Objects","","","mcp-list-assets","loaded-registry-listed"
"Statue Animal Wood 10","res://textures/objects/decor/statues/statue_animal_wood_10.png","object","place_object","dungeondraft-built-in","Objects","","","mcp-list-assets","loaded-registry-listed"
"Statue Gargoyle Stone 01","res://textures/objects/decor/statues/statue_gargoyle_stone_01.png","object","place_object","dungeondraft-built-in","Objects","","","mcp-list-assets","loaded-registry-listed"
"Statue Gargoyle Stone 02","res://textures/objects/decor/statues/statue_gargoyle_stone_02.png","object","place_object","dungeondraft-built-in","Objects","","","mcp-list-assets","loaded-registry-listed"
"Statue Gargoyle Stone 03","res://textures/objects/decor/statues/statue_gargoyle_stone_03.png","object","place_object","dungeondraft-built-in","Objects","","","mcp-list-assets","loaded-registry-listed"
"Statue Gargoyle Wood 01","res://textures/objects/decor/statues/statue_gargoyle_wood_01.png","object","place_object","dungeondraft-built-in","Objects","","","mcp-list-assets","loaded-registry-listed"
"Statue Gargoyle Wood 02","res://textures/objects/decor/statues/statue_gargoyle_wood_02.png","object","place_object","dungeondraft-built-in","Objects","","","mcp-list-assets","loaded-registry-listed"
"Statue Gargoyle Wood 03","res://textures/objects/decor/statues/statue_gargoyle_wood_03.png","object","place_object","dungeondraft-built-in","Objects","","","mcp-list-assets","loaded-registry-listed"
"Statue Stone 01","res://textures/objects/decor/statues/statue_stone_01.png","object","place_object","dungeondraft-built-in","Objects","","","mcp-list-assets","loaded-registry-listed"
"Statue Stone 02","res://textures/objects/decor/statues/statue_stone_02.png","object","place_object","dungeondraft-built-in","Objects","","","mcp-list-assets","loaded-registry-listed"
"Statue Stone 03","res://textures/objects/decor/statues/statue_stone_03.png","object","place_object","dungeondraft-built-in","Objects","","","mcp-list-assets","loaded-registry-listed"
"Statue Stone 04","res://textures/objects/decor/statues/statue_stone_04.png","object","place_object","dungeondraft-built-in","Objects","","","mcp-list-assets","loaded-registry-listed"
"Statue Stone 05","res://textures/objects/decor/statues/statue_stone_05.png","object","place_object","dungeondraft-built-in","Objects","","","mcp-list-assets","loaded-registry-listed"
"Statue Stone 06","res://textures/objects/decor/statues/statue_stone_06.png","object","place_object","dungeondraft-built-in","Objects","","","mcp-list-assets","loaded-registry-listed"
"Statue Stone 07","res://textures/objects/decor/statues/statue_stone_07.png","object","place_object","dungeondraft-built-in","Objects","","","mcp-list-assets","loaded-registry-listed"
"Statue Stone 08","res://textures/objects/decor/statues/statue_stone_08.png","object","place_object","dungeondraft-built-in","Objects","","","mcp-list-assets","loaded-registry-listed"
"Statue Stone 09","res://textures/objects/decor/statues/statue_stone_09.png","object","place_object","dungeondraft-built-in","Objects","","","mcp-list-assets","loaded-registry-listed"
"Statue Stone 10","res://textures/objects/decor/statues/statue_stone_10.png","object","place_object","dungeondraft-built-in","Objects","","","mcp-list-assets","loaded-registry-listed"
"Statue Stone 11","res://textures/objects/decor/statues/statue_stone_11.png","object","place_object","dungeondraft-built-in","Objects","","","mcp-list-assets","loaded-registry-listed"
"Statue Stone 12","res://textures/objects/decor/statues/statue_stone_12.png","object","place_object","dungeondraft-built-in","Objects","","","mcp-list-assets","loaded-registry-listed"
"Statue Stone 13","res://textures/objects/decor/statues/statue_stone_13.png","object","place_object","dungeondraft-built-in","Objects","","","mcp-list-assets","loaded-registry-listed"
"Statue Wood 01","res://textures/objects/decor/statues/statue_wood_01.png","object","place_object","dungeondraft-built-in","Objects","","","mcp-list-assets","loaded-registry-listed"
"Statue Wood 02","res://textures/objects/decor/statues/statue_wood_02.png","object","place_object","dungeondraft-built-in","Objects","","","mcp-list-assets","loaded-registry-listed"
"Statue Wood 03","res://textures/objects/decor/statues/statue_wood_03.png","object","place_object","dungeondraft-built-in","Objects","","","mcp-list-assets","loaded-registry-listed"
"Statue Wood 04","res://textures/objects/decor/statues/statue_wood_04.png","object","place_object","dungeondraft-built-in","Objects","","","mcp-list-assets","loaded-registry-listed"
"Statue Wood 05","res://textures/objects/decor/statues/statue_wood_05.png","object","place_object","dungeondraft-built-in","Objects","","","mcp-list-assets","loaded-registry-listed"
"Statue Wood 06","res://textures/objects/decor/statues/statue_wood_06.png","object","place_object","dungeondraft-built-in","Objects","","","mcp-list-assets","loaded-registry-listed"
"Statue Wood 07","res://textures/objects/decor/statues/statue_wood_07.png","object","place_object","dungeondraft-built-in","Objects","","","mcp-list-assets","loaded-registry-listed"
"Statue Wood 08","res://textures/objects/decor/statues/statue_wood_08.png","object","place_object","dungeondraft-built-in","Objects","","","mcp-list-assets","loaded-registry-listed"
"Statue Wood 09","res://textures/objects/decor/statues/statue_wood_09.png","object","place_object","dungeondraft-built-in","Objects","","","mcp-list-assets","loaded-registry-listed"
"Statue Wood 10","res://textures/objects/decor/statues/statue_wood_10.png","object","place_object","dungeondraft-built-in","Objects","","","mcp-list-assets","loaded-registry-listed"
"Statue Wood 11","res://textures/objects/decor/statues/statue_wood_11.png","object","place_object","dungeondraft-built-in","Objects","","","mcp-list-assets","loaded-registry-listed"
"Statue Wood 12","res://textures/objects/decor/statues/statue_wood_12.png","object","place_object","dungeondraft-built-in","Objects","","","mcp-list-assets","loaded-registry-listed"
"Statue Wood 13","res://textures/objects/decor/statues/statue_wood_13.png","object","place_object","dungeondraft-built-in","Objects","","","mcp-list-assets","loaded-registry-listed"
"Statue Wood 14","res://textures/objects/decor/statues/statue_wood_14.png","object","place_object","dungeondraft-built-in","Objects","","","mcp-list-assets","loaded-registry-listed"
"Statue Wood 15","res://textures/objects/decor/statues/statue_wood_15.png","object","place_object","dungeondraft-built-in","Objects","","","mcp-list-assets","loaded-registry-listed"
"Statue Wood 16","res://textures/objects/decor/statues/statue_wood_16.png","object","place_object","dungeondraft-built-in","Objects","","","mcp-list-assets","loaded-registry-listed"
"Statue Wood 17","res://textures/objects/decor/statues/statue_wood_17.png","object","place_object","dungeondraft-built-in","Objects","","","mcp-list-assets","loaded-registry-listed"
"Statue Wood 18","res://textures/objects/decor/statues/statue_wood_18.png","object","place_object","dungeondraft-built-in","Objects","","","mcp-list-assets","loaded-registry-listed"
"Statue Wood 19","res://textures/objects/decor/statues/statue_wood_19.png","object","place_object","dungeondraft-built-in","Objects","","","mcp-list-assets","loaded-registry-listed"
"Statue Wood 20","res://textures/objects/decor/statues/statue_wood_20.png","object","place_object","dungeondraft-built-in","Objects","","","mcp-list-assets","loaded-registry-listed"
"Deer Head","res://textures/objects/decor/wall/deer_head.png","object","place_object","dungeondraft-built-in","Objects","","","mcp-list-assets","loaded-registry-listed"
"Moose Head","res://textures/objects/decor/wall/moose_head.png","object","place_object","dungeondraft-built-in","Objects","","","mcp-list-assets","loaded-registry-listed"
"Picture Frame 01","res://textures/objects/decor/wall/picture_frame_01.png","object","place_object","dungeondraft-built-in","Objects","","","mcp-list-assets","loaded-registry-listed"
"Picture Frame 02","res://textures/objects/decor/wall/picture_frame_02.png","object","place_object","dungeondraft-built-in","Objects","","","mcp-list-assets","loaded-registry-listed"
"Trophy Boar Head","res://textures/objects/decor/wall/trophy_boar_head.png","object","place_object","dungeondraft-built-in","Objects","","","mcp-list-assets","loaded-registry-listed"
"Trophy Dragon Head","res://textures/objects/decor/wall/trophy_dragon_head.png","object","place_object","dungeondraft-built-in","Objects","","","mcp-list-assets","loaded-registry-listed"
"Trophy Falcon Stand","res://textures/objects/decor/wall/trophy_falcon_stand.png","object","place_object","dungeondraft-built-in","Objects","","","mcp-list-assets","loaded-registry-listed"
"Trophy Fox Head","res://textures/objects/decor/wall/trophy_fox_head.png","object","place_object","dungeondraft-built-in","Objects","","","mcp-list-assets","loaded-registry-listed"
"Trophy Lizard Head","res://textures/objects/decor/wall/trophy_lizard_head.png","object","place_object","dungeondraft-built-in","Objects","","","mcp-list-assets","loaded-registry-listed"
"Trophy Monster Head","res://textures/objects/decor/wall/trophy_monster_head.png","object","place_object","dungeondraft-built-in","Objects","","","mcp-list-assets","loaded-registry-listed"
"Trophy Rhino Head","res://textures/objects/decor/wall/trophy_rhino_head.png","object","place_object","dungeondraft-built-in","Objects","","","mcp-list-assets","loaded-registry-listed"
"Trophy Skull Stand","res://textures/objects/decor/wall/trophy_skull_stand.png","object","place_object","dungeondraft-built-in","Objects","","","mcp-list-assets","loaded-registry-listed"
"Trophy Tiger Head","res://textures/objects/decor/wall/trophy_tiger_head.png","object","place_object","dungeondraft-built-in","Objects","","","mcp-list-assets","loaded-registry-listed"
"Trophy Wolf Head","res://textures/objects/decor/wall/trophy_wolf_head.png","object","place_object","dungeondraft-built-in","Objects","","","mcp-list-assets","loaded-registry-listed"
"Barrel Forge 01","res://textures/objects/dwarven_set/barrel_forge_01.png","object","place_object","dungeondraft-built-in","Objects","","","mcp-list-assets","loaded-registry-listed"
"Dwarven Anvil","res://textures/objects/dwarven_set/dwarven_anvil.png","object","place_object","dungeondraft-built-in","Objects","","","mcp-list-assets","loaded-registry-listed"
"Dwarven Armchair 01","res://textures/objects/dwarven_set/dwarven_armchair_01.png","object","place_object","dungeondraft-built-in","Objects","","","mcp-list-assets","loaded-registry-listed"
"Dwarven Bed Double 01","res://textures/objects/dwarven_set/dwarven_bed_double_01.png","object","place_object","dungeondraft-built-in","Objects","","","mcp-list-assets","loaded-registry-listed"
"Dwarven Bed Single 01","res://textures/objects/dwarven_set/dwarven_bed_single_01.png","object","place_object","dungeondraft-built-in","Objects","","","mcp-list-assets","loaded-registry-listed"
"Dwarven Big Table 01","res://textures/objects/dwarven_set/dwarven_big_table_01.png","object","place_object","dungeondraft-built-in","Objects","","","mcp-list-assets","loaded-registry-listed"
"Dwarven Big Table 02","res://textures/objects/dwarven_set/dwarven_big_table_02.png","object","place_object","dungeondraft-built-in","Objects","","","mcp-list-assets","loaded-registry-listed"
"Dwarven Closet 01","res://textures/objects/dwarven_set/dwarven_closet_01.png","object","place_object","dungeondraft-built-in","Objects","","","mcp-list-assets","loaded-registry-listed"
"Dwarven Forge","res://textures/objects/dwarven_set/dwarven_forge.png","object","place_object","dungeondraft-built-in","Objects","","","mcp-list-assets","loaded-registry-listed"
"Dwarven Hammer","res://textures/objects/dwarven_set/dwarven_hammer.png","object","place_object","dungeondraft-built-in","Objects","","","mcp-list-assets","loaded-registry-listed"
"Dwarven Horisontal Saw","res://textures/objects/dwarven_set/dwarven_horisontal_saw.png","object","place_object","dungeondraft-built-in","Objects","","","mcp-list-assets","loaded-registry-listed"
"Dwarven Sarcophagus","res://textures/objects/dwarven_set/dwarven_sarcophagus.png","object","place_object","dungeondraft-built-in","Objects","","","mcp-list-assets","loaded-registry-listed"
"Dwarven Shelf 01","res://textures/objects/dwarven_set/dwarven_shelf_01.png","object","place_object","dungeondraft-built-in","Objects","","","mcp-list-assets","loaded-registry-listed"
"Dwarven Shield Rack","res://textures/objects/dwarven_set/dwarven_shield_rack.png","object","place_object","dungeondraft-built-in","Objects","","","mcp-list-assets","loaded-registry-listed"
"Dwarven Suit Of Armor","res://textures/objects/dwarven_set/dwarven_suit_of_armor.png","object","place_object","dungeondraft-built-in","Objects","","","mcp-list-assets","loaded-registry-listed"
"Dwarven Sword","res://textures/objects/dwarven_set/dwarven_sword.png","object","place_object","dungeondraft-built-in","Objects","","","mcp-list-assets","loaded-registry-listed"
"Dwarven Table 01","res://textures/objects/dwarven_set/dwarven_table_01.png","object","place_object","dungeondraft-built-in","Objects","","","mcp-list-assets","loaded-registry-listed"
"Dwarven Workstation","res://textures/objects/dwarven_set/dwarven_workstation.png","object","place_object","dungeondraft-built-in","Objects","","","mcp-list-assets","loaded-registry-listed"
"Forge Fire","res://textures/objects/dwarven_set/forge_fire.png","object","place_object","dungeondraft-built-in","Objects","","","mcp-list-assets","loaded-registry-listed"
"Forge Hammer Mold","res://textures/objects/dwarven_set/forge_hammer_mold.png","object","place_object","dungeondraft-built-in","Objects","","","mcp-list-assets","loaded-registry-listed"
"Forge Hearth","res://textures/objects/dwarven_set/forge_hearth.png","object","place_object","dungeondraft-built-in","Objects","","","mcp-list-assets","loaded-registry-listed"
"Forge Lever","res://textures/objects/dwarven_set/forge_lever.png","object","place_object","dungeondraft-built-in","Objects","","","mcp-list-assets","loaded-registry-listed"
"Forge Sword Mold","res://textures/objects/dwarven_set/forge_sword_mold.png","object","place_object","dungeondraft-built-in","Objects","","","mcp-list-assets","loaded-registry-listed"
"Handwheel","res://textures/objects/dwarven_set/handwheel.png","object","place_object","dungeondraft-built-in","Objects","","","mcp-list-assets","loaded-registry-listed"
"Ingot 01","res://textures/objects/dwarven_set/ingot_01.png","object","place_object","dungeondraft-built-in","Objects","","","mcp-list-assets","loaded-registry-listed"
"Ingot 02","res://textures/objects/dwarven_set/ingot_02.png","object","place_object","dungeondraft-built-in","Objects","","","mcp-list-assets","loaded-registry-listed"
"Ingot 03","res://textures/objects/dwarven_set/ingot_03.png","object","place_object","dungeondraft-built-in","Objects","","","mcp-list-assets","loaded-registry-listed"
"Ore Piece 01","res://textures/objects/dwarven_set/ore_piece_01.png","object","place_object","dungeondraft-built-in","Objects","","","mcp-list-assets","loaded-registry-listed"
"Ore Piece 02","res://textures/objects/dwarven_set/ore_piece_02.png","object","place_object","dungeondraft-built-in","Objects","","","mcp-list-assets","loaded-registry-listed"
"Ore Piece 03","res://textures/objects/dwarven_set/ore_piece_03.png","object","place_object","dungeondraft-built-in","Objects","","","mcp-list-assets","loaded-registry-listed"
"Pipe Piece 01","res://textures/objects/dwarven_set/pipe_piece_01.png","object","place_object","dungeondraft-built-in","Objects","","","mcp-list-assets","loaded-registry-listed"
"Pipe Piece 02","res://textures/objects/dwarven_set/pipe_piece_02.png","object","place_object","dungeondraft-built-in","Objects","","","mcp-list-assets","loaded-registry-listed"
"Pipe Piece 03","res://textures/objects/dwarven_set/pipe_piece_03.png","object","place_object","dungeondraft-built-in","Objects","","","mcp-list-assets","loaded-registry-listed"
"Pipe Piece 04","res://textures/objects/dwarven_set/pipe_piece_04.png","object","place_object","dungeondraft-built-in","Objects","","","mcp-list-assets","loaded-registry-listed"
"Pipe Piece 05","res://textures/objects/dwarven_set/pipe_piece_05.png","object","place_object","dungeondraft-built-in","Objects","","","mcp-list-assets","loaded-registry-listed"
"Pipe Piece 06","res://textures/objects/dwarven_set/pipe_piece_06.png","object","place_object","dungeondraft-built-in","Objects","","","mcp-list-assets","loaded-registry-listed"
"Pipe Piece 07","res://textures/objects/dwarven_set/pipe_piece_07.png","object","place_object","dungeondraft-built-in","Objects","","","mcp-list-assets","loaded-registry-listed"
"Pliers","res://textures/objects/dwarven_set/pliers.png","object","place_object","dungeondraft-built-in","Objects","","","mcp-list-assets","loaded-registry-listed"
"Quench Trough","res://textures/objects/dwarven_set/quench_trough.png","object","place_object","dungeondraft-built-in","Objects","","","mcp-list-assets","loaded-registry-listed"
"Elven Bed 01","res://textures/objects/elven_set/elven_bed_01.png","object","place_object","dungeondraft-built-in","Objects","","","mcp-list-assets","loaded-registry-listed"
"Elven Bed 02","res://textures/objects/elven_set/elven_bed_02.png","object","place_object","dungeondraft-built-in","Objects","","","mcp-list-assets","loaded-registry-listed"
"Elven Bench 01","res://textures/objects/elven_set/elven_bench_01.png","object","place_object","dungeondraft-built-in","Objects","","","mcp-list-assets","loaded-registry-listed"
"Elven Bench 02","res://textures/objects/elven_set/elven_bench_02.png","object","place_object","dungeondraft-built-in","Objects","","","mcp-list-assets","loaded-registry-listed"
"Elven Boat 01","res://textures/objects/elven_set/elven_boat_01.png","object","place_object","dungeondraft-built-in","Objects","","","mcp-list-assets","loaded-registry-listed"
"Elven Boat 02","res://textures/objects/elven_set/elven_boat_02.png","object","place_object","dungeondraft-built-in","Objects","","","mcp-list-assets","loaded-registry-listed"
"Elven Bridge 01","res://textures/objects/elven_set/elven_bridge_01.png","object","place_object","dungeondraft-built-in","Objects","","","mcp-list-assets","loaded-registry-listed"
"Elven Chair 01","res://textures/objects/elven_set/elven_chair_01.png","object","place_object","dungeondraft-built-in","Objects","","","mcp-list-assets","loaded-registry-listed"
"Elven Chair 02","res://textures/objects/elven_set/elven_chair_02.png","object","place_object","dungeondraft-built-in","Objects","","","mcp-list-assets","loaded-registry-listed"
"Elven Chair 03","res://textures/objects/elven_set/elven_chair_03.png","object","place_object","dungeondraft-built-in","Objects","","","mcp-list-assets","loaded-registry-listed"
"Elven Harp","res://textures/objects/elven_set/elven_harp.png","object","place_object","dungeondraft-built-in","Objects","","","mcp-list-assets","loaded-registry-listed"
"Elven Pond","res://textures/objects/elven_set/elven_pond.png","object","place_object","dungeondraft-built-in","Objects","","","mcp-list-assets","loaded-registry-listed"
"Elven Rotonda","res://textures/objects/elven_set/elven_rotonda.png","object","place_object","dungeondraft-built-in","Objects","","","mcp-list-assets","loaded-registry-listed"
"Elven Sarcophagus","res://textures/objects/elven_set/elven_sarcophagus.png","object","place_object","dungeondraft-built-in","Objects","","","mcp-list-assets","loaded-registry-listed"
"Elven Stairs 01","res://textures/objects/elven_set/elven_stairs_01.png","object","place_object","dungeondraft-built-in","Objects","","","mcp-list-assets","loaded-registry-listed"
"Elven Stairs 02","res://textures/objects/elven_set/elven_stairs_02.png","object","place_object","dungeondraft-built-in","Objects","","","mcp-list-assets","loaded-registry-listed"
"Elven Statue 01","res://textures/objects/elven_set/elven_statue_01.png","object","place_object","dungeondraft-built-in","Objects","","","mcp-list-assets","loaded-registry-listed"
"Elven Table 01","res://textures/objects/elven_set/elven_table_01.png","object","place_object","dungeondraft-built-in","Objects","","","mcp-list-assets","loaded-registry-listed"
"Elven Table 02","res://textures/objects/elven_set/elven_table_02.png","object","place_object","dungeondraft-built-in","Objects","","","mcp-list-assets","loaded-registry-listed"
"Elven Throne 01","res://textures/objects/elven_set/elven_throne_01.png","object","place_object","dungeondraft-built-in","Objects","","","mcp-list-assets","loaded-registry-listed"
"Elven Well","res://textures/objects/elven_set/elven_well.png","object","place_object","dungeondraft-built-in","Objects","","","mcp-list-assets","loaded-registry-listed"
"Ottoman 01","res://textures/objects/elven_set/ottoman_01.png","object","place_object","dungeondraft-built-in","Objects","","","mcp-list-assets","loaded-registry-listed"
"Ottoman 02","res://textures/objects/elven_set/ottoman_02.png","object","place_object","dungeondraft-built-in","Objects","","","mcp-list-assets","loaded-registry-listed"
"Vines Green 01","res://textures/objects/elven_set/vines_green_01.png","object","place_object","dungeondraft-built-in","Objects","","","mcp-list-assets","loaded-registry-listed"
"Vines Green 02","res://textures/objects/elven_set/vines_green_02.png","object","place_object","dungeondraft-built-in","Objects","","","mcp-list-assets","loaded-registry-listed"
"Vines Green 03","res://textures/objects/elven_set/vines_green_03.png","object","place_object","dungeondraft-built-in","Objects","","","mcp-list-assets","loaded-registry-listed"
"Vines Green 04","res://textures/objects/elven_set/vines_green_04.png","object","place_object","dungeondraft-built-in","Objects","","","mcp-list-assets","loaded-registry-listed"
"Vines Green 05","res://textures/objects/elven_set/vines_green_05.png","object","place_object","dungeondraft-built-in","Objects","","","mcp-list-assets","loaded-registry-listed"
"Vines Green 06","res://textures/objects/elven_set/vines_green_06.png","object","place_object","dungeondraft-built-in","Objects","","","mcp-list-assets","loaded-registry-listed"
"Vines Green 07","res://textures/objects/elven_set/vines_green_07.png","object","place_object","dungeondraft-built-in","Objects","","","mcp-list-assets","loaded-registry-listed"
"Ash Pile 01","res://textures/objects/environment/ash_pile_01.png","object","place_object","dungeondraft-built-in","Objects","","","mcp-list-assets","loaded-registry-listed"
"Ash Pile 02","res://textures/objects/environment/ash_pile_02.png","object","place_object","dungeondraft-built-in","Objects","","","mcp-list-assets","loaded-registry-listed"
"Ash Pile 03","res://textures/objects/environment/ash_pile_03.png","object","place_object","dungeondraft-built-in","Objects","","","mcp-list-assets","loaded-registry-listed"
"Ash Pile 04","res://textures/objects/environment/ash_pile_04.png","object","place_object","dungeondraft-built-in","Objects","","","mcp-list-assets","loaded-registry-listed"
"Ash Pile 05","res://textures/objects/environment/ash_pile_05.png","object","place_object","dungeondraft-built-in","Objects","","","mcp-list-assets","loaded-registry-listed"
"Burned Wood 01","res://textures/objects/environment/burned_wood_01.png","object","place_object","dungeondraft-built-in","Objects","","","mcp-list-assets","loaded-registry-listed"
"Burned Wood 02","res://textures/objects/environment/burned_wood_02.png","object","place_object","dungeondraft-built-in","Objects","","","mcp-list-assets","loaded-registry-listed"
"Burned Wood 03","res://textures/objects/environment/burned_wood_03.png","object","place_object","dungeondraft-built-in","Objects","","","mcp-list-assets","loaded-registry-listed"
"Burned Wood 04","res://textures/objects/environment/burned_wood_04.png","object","place_object","dungeondraft-built-in","Objects","","","mcp-list-assets","loaded-registry-listed"
"Dirt Pile 01","res://textures/objects/environment/dirt_pile_01.png","object","place_object","dungeondraft-built-in","Objects","","","mcp-list-assets","loaded-registry-listed"
"Dirt Pile 02","res://textures/objects/environment/dirt_pile_02.png","object","place_object","dungeondraft-built-in","Objects","","","mcp-list-assets","loaded-registry-listed"
"Dirt Pile 03","res://textures/objects/environment/dirt_pile_03.png","object","place_object","dungeondraft-built-in","Objects","","","mcp-list-assets","loaded-registry-listed"
"Dirt Pile 04","res://textures/objects/environment/dirt_pile_04.png","object","place_object","dungeondraft-built-in","Objects","","","mcp-list-assets","loaded-registry-listed"
"Dirt Pile 05","res://textures/objects/environment/dirt_pile_05.png","object","place_object","dungeondraft-built-in","Objects","","","mcp-list-assets","loaded-registry-listed"
"Dirt Pile 06","res://textures/objects/environment/dirt_pile_06.png","object","place_object","dungeondraft-built-in","Objects","","","mcp-list-assets","loaded-registry-listed"
"Dirt Pile 07","res://textures/objects/environment/dirt_pile_07.png","object","place_object","dungeondraft-built-in","Objects","","","mcp-list-assets","loaded-registry-listed"
"Dirt Pile 08","res://textures/objects/environment/dirt_pile_08.png","object","place_object","dungeondraft-built-in","Objects","","","mcp-list-assets","loaded-registry-listed"
"Dirt Pile 09","res://textures/objects/environment/dirt_pile_09.png","object","place_object","dungeondraft-built-in","Objects","","","mcp-list-assets","loaded-registry-listed"
"Dirt Pile 10","res://textures/objects/environment/dirt_pile_10.png","object","place_object","dungeondraft-built-in","Objects","","","mcp-list-assets","loaded-registry-listed"
"Fire 01","res://textures/objects/environment/fire_01.png","object","place_object","dungeondraft-built-in","Objects","","","mcp-list-assets","loaded-registry-listed"
"Fire 02","res://textures/objects/environment/fire_02.png","object","place_object","dungeondraft-built-in","Objects","","","mcp-list-assets","loaded-registry-listed"
"Fire 03","res://textures/objects/environment/fire_03.png","object","place_object","dungeondraft-built-in","Objects","","","mcp-list-assets","loaded-registry-listed"
"Fire 04","res://textures/objects/environment/fire_04.png","object","place_object","dungeondraft-built-in","Objects","","","mcp-list-assets","loaded-registry-listed"
"Fire 05","res://textures/objects/environment/fire_05.png","object","place_object","dungeondraft-built-in","Objects","","","mcp-list-assets","loaded-registry-listed"
"Fire 06","res://textures/objects/environment/fire_06.png","object","place_object","dungeondraft-built-in","Objects","","","mcp-list-assets","loaded-registry-listed"
"Fire 07","res://textures/objects/environment/fire_07.png","object","place_object","dungeondraft-built-in","Objects","","","mcp-list-assets","loaded-registry-listed"
"Fire 08","res://textures/objects/environment/fire_08.png","object","place_object","dungeondraft-built-in","Objects","","","mcp-list-assets","loaded-registry-listed"
"Smoke 01","res://textures/objects/environment/smoke_01.png","object","place_object","dungeondraft-built-in","Objects","","","mcp-list-assets","loaded-registry-listed"
"Smoke 02","res://textures/objects/environment/smoke_02.png","object","place_object","dungeondraft-built-in","Objects","","","mcp-list-assets","loaded-registry-listed"
"Smoke 03","res://textures/objects/environment/smoke_03.png","object","place_object","dungeondraft-built-in","Objects","","","mcp-list-assets","loaded-registry-listed"
"Smoke 04","res://textures/objects/environment/smoke_04.png","object","place_object","dungeondraft-built-in","Objects","","","mcp-list-assets","loaded-registry-listed"
"Smoke 05","res://textures/objects/environment/smoke_05.png","object","place_object","dungeondraft-built-in","Objects","","","mcp-list-assets","loaded-registry-listed"
"Smoke 06","res://textures/objects/environment/smoke_06.png","object","place_object","dungeondraft-built-in","Objects","","","mcp-list-assets","loaded-registry-listed"
"Snow 01","res://textures/objects/environment/snow_01.png","object","place_object","dungeondraft-built-in","Objects","","","mcp-list-assets","loaded-registry-listed"
"Snow 02","res://textures/objects/environment/snow_02.png","object","place_object","dungeondraft-built-in","Objects","","","mcp-list-assets","loaded-registry-listed"
"Snow 03","res://textures/objects/environment/snow_03.png","object","place_object","dungeondraft-built-in","Objects","","","mcp-list-assets","loaded-registry-listed"
"Snow 04","res://textures/objects/environment/snow_04.png","object","place_object","dungeondraft-built-in","Objects","","","mcp-list-assets","loaded-registry-listed"
"Snow 05","res://textures/objects/environment/snow_05.png","object","place_object","dungeondraft-built-in","Objects","","","mcp-list-assets","loaded-registry-listed"
"Snow 06","res://textures/objects/environment/snow_06.png","object","place_object","dungeondraft-built-in","Objects","","","mcp-list-assets","loaded-registry-listed"
"Snow 07","res://textures/objects/environment/snow_07.png","object","place_object","dungeondraft-built-in","Objects","","","mcp-list-assets","loaded-registry-listed"
"Snow 08","res://textures/objects/environment/snow_08.png","object","place_object","dungeondraft-built-in","Objects","","","mcp-list-assets","loaded-registry-listed"
"Snow 09","res://textures/objects/environment/snow_09.png","object","place_object","dungeondraft-built-in","Objects","","","mcp-list-assets","loaded-registry-listed"
"Snow 10","res://textures/objects/environment/snow_10.png","object","place_object","dungeondraft-built-in","Objects","","","mcp-list-assets","loaded-registry-listed"
"Snow 11","res://textures/objects/environment/snow_11.png","object","place_object","dungeondraft-built-in","Objects","","","mcp-list-assets","loaded-registry-listed"
"Snow 12","res://textures/objects/environment/snow_12.png","object","place_object","dungeondraft-built-in","Objects","","","mcp-list-assets","loaded-registry-listed"
"Snow 13","res://textures/objects/environment/snow_13.png","object","place_object","dungeondraft-built-in","Objects","","","mcp-list-assets","loaded-registry-listed"
"Snow 14","res://textures/objects/environment/snow_14.png","object","place_object","dungeondraft-built-in","Objects","","","mcp-list-assets","loaded-registry-listed"
"Snow 15","res://textures/objects/environment/snow_15.png","object","place_object","dungeondraft-built-in","Objects","","","mcp-list-assets","loaded-registry-listed"
"Bed 01","res://textures/objects/furniture/beds/bed_01.png","object","place_object","dungeondraft-built-in","Objects","","","mcp-list-assets","loaded-registry-listed"
"Bed 02","res://textures/objects/furniture/beds/bed_02.png","object","place_object","dungeondraft-built-in","Objects","","","mcp-list-assets","loaded-registry-listed"
"Bed 03","res://textures/objects/furniture/beds/bed_03.png","object","place_object","dungeondraft-built-in","Objects","","","mcp-list-assets","loaded-registry-listed"
"Bed 04","res://textures/objects/furniture/beds/bed_04.png","object","place_object","dungeondraft-built-in","Objects","","","mcp-list-assets","loaded-registry-listed"
"Bed 05","res://textures/objects/furniture/beds/bed_05.png","object","place_object","dungeondraft-built-in","Objects","","","mcp-list-assets","loaded-registry-listed"
"Bed 06","res://textures/objects/furniture/beds/bed_06.png","object","place_object","dungeondraft-built-in","Objects","","","mcp-list-assets","loaded-registry-listed"
"Bed 07","res://textures/objects/furniture/beds/bed_07.png","object","place_object","dungeondraft-built-in","Objects","","","mcp-list-assets","loaded-registry-listed"
"Bed 08","res://textures/objects/furniture/beds/bed_08.png","object","place_object","dungeondraft-built-in","Objects","","","mcp-list-assets","loaded-registry-listed"
"Bed 09","res://textures/objects/furniture/beds/bed_09.png","object","place_object","dungeondraft-built-in","Objects","","","mcp-list-assets","loaded-registry-listed"
"Bed 10","res://textures/objects/furniture/beds/bed_10.png","object","place_object","dungeondraft-built-in","Objects","","","mcp-list-assets","loaded-registry-listed"
"Bed 11","res://textures/objects/furniture/beds/bed_11.png","object","place_object","dungeondraft-built-in","Objects","","","mcp-list-assets","loaded-registry-listed"
"Bed 12","res://textures/objects/furniture/beds/bed_12.png","object","place_object","dungeondraft-built-in","Objects","","","mcp-list-assets","loaded-registry-listed"
"Bed 13","res://textures/objects/furniture/beds/bed_13.png","object","place_object","dungeondraft-built-in","Objects","","","mcp-list-assets","loaded-registry-listed"
"Bed 14","res://textures/objects/furniture/beds/bed_14.png","object","place_object","dungeondraft-built-in","Objects","","","mcp-list-assets","loaded-registry-listed"
"Cradle","res://textures/objects/furniture/beds/cradle.png","object","place_object","dungeondraft-built-in","Objects","","","mcp-list-assets","loaded-registry-listed"
"Egypt Bed 01","res://textures/objects/furniture/beds/egypt_bed_01.png","object","place_object","dungeondraft-built-in","Objects","","","mcp-list-assets","loaded-registry-listed"
"Egypt Bed 02","res://textures/objects/furniture/beds/egypt_bed_02.png","object","place_object","dungeondraft-built-in","Objects","","","mcp-list-assets","loaded-registry-listed"
"Egypt Pillow 01","res://textures/objects/furniture/beds/egypt_pillow_01.png","object","place_object","dungeondraft-built-in","Objects","","","mcp-list-assets","loaded-registry-listed"
"Egypt Pillow 02","res://textures/objects/furniture/beds/egypt_pillow_02.png","object","place_object","dungeondraft-built-in","Objects","","","mcp-list-assets","loaded-registry-listed"
"Pillow 01","res://textures/objects/furniture/beds/pillow_01.png","object","place_object","dungeondraft-built-in","Objects","","","mcp-list-assets","loaded-registry-listed"
"Pillow 02","res://textures/objects/furniture/beds/pillow_02.png","object","place_object","dungeondraft-built-in","Objects","","","mcp-list-assets","loaded-registry-listed"
"Pillow 03","res://textures/objects/furniture/beds/pillow_03.png","object","place_object","dungeondraft-built-in","Objects","","","mcp-list-assets","loaded-registry-listed"
"Pillow 04","res://textures/objects/furniture/beds/pillow_04.png","object","place_object","dungeondraft-built-in","Objects","","","mcp-list-assets","loaded-registry-listed"
"Pillow 05","res://textures/objects/furniture/beds/pillow_05.png","object","place_object","dungeondraft-built-in","Objects","","","mcp-list-assets","loaded-registry-listed"
"Pillow 06","res://textures/objects/furniture/beds/pillow_06.png","object","place_object","dungeondraft-built-in","Objects","","","mcp-list-assets","loaded-registry-listed"
"Pillow 07","res://textures/objects/furniture/beds/pillow_07.png","object","place_object","dungeondraft-built-in","Objects","","","mcp-list-assets","loaded-registry-listed"
"Armchair Broken 01","res://textures/objects/furniture/broken/armchair_broken_01.png","object","place_object","dungeondraft-built-in","Objects","","","mcp-list-assets","loaded-registry-listed"
"Armchair Broken 02","res://textures/objects/furniture/broken/armchair_broken_02.png","object","place_object","dungeondraft-built-in","Objects","","","mcp-list-assets","loaded-registry-listed"
"Armchair Broken 03","res://textures/objects/furniture/broken/armchair_broken_03.png","object","place_object","dungeondraft-built-in","Objects","","","mcp-list-assets","loaded-registry-listed"
"Bed Broken 01","res://textures/objects/furniture/broken/bed_broken_01.png","object","place_object","dungeondraft-built-in","Objects","","","mcp-list-assets","loaded-registry-listed"
"Bed Broken 02","res://textures/objects/furniture/broken/bed_broken_02.png","object","place_object","dungeondraft-built-in","Objects","","","mcp-list-assets","loaded-registry-listed"
"Chair Broken 01","res://textures/objects/furniture/broken/chair_broken_01.png","object","place_object","dungeondraft-built-in","Objects","","","mcp-list-assets","loaded-registry-listed"
"Chair Broken 02","res://textures/objects/furniture/broken/chair_broken_02.png","object","place_object","dungeondraft-built-in","Objects","","","mcp-list-assets","loaded-registry-listed"
"Chair Broken 03","res://textures/objects/furniture/broken/chair_broken_03.png","object","place_object","dungeondraft-built-in","Objects","","","mcp-list-assets","loaded-registry-listed"
"Chair Broken 04","res://textures/objects/furniture/broken/chair_broken_04.png","object","place_object","dungeondraft-built-in","Objects","","","mcp-list-assets","loaded-registry-listed"
"Chair Broken 05","res://textures/objects/furniture/broken/chair_broken_05.png","object","place_object","dungeondraft-built-in","Objects","","","mcp-list-assets","loaded-registry-listed"
"Chairleg Broken","res://textures/objects/furniture/broken/chairleg_broken.png","object","place_object","dungeondraft-built-in","Objects","","","mcp-list-assets","loaded-registry-listed"
"Pillar Broken 01","res://textures/objects/furniture/broken/pillar_broken_01.png","object","place_object","dungeondraft-built-in","Objects","","","mcp-list-assets","loaded-registry-listed"
"Pillar Broken 02","res://textures/objects/furniture/broken/pillar_broken_02.png","object","place_object","dungeondraft-built-in","Objects","","","mcp-list-assets","loaded-registry-listed"
"Pillar Broken 03","res://textures/objects/furniture/broken/pillar_broken_03.png","object","place_object","dungeondraft-built-in","Objects","","","mcp-list-assets","loaded-registry-listed"
"Pillar Broken 04","res://textures/objects/furniture/broken/pillar_broken_04.png","object","place_object","dungeondraft-built-in","Objects","","","mcp-list-assets","loaded-registry-listed"
"Pillar Broken 05","res://textures/objects/furniture/broken/pillar_broken_05.png","object","place_object","dungeondraft-built-in","Objects","","","mcp-list-assets","loaded-registry-listed"
"Pillar Broken 06","res://textures/objects/furniture/broken/pillar_broken_06.png","object","place_object","dungeondraft-built-in","Objects","","","mcp-list-assets","loaded-registry-listed"
"Pillar Broken 07","res://textures/objects/furniture/broken/pillar_broken_07.png","object","place_object","dungeondraft-built-in","Objects","","","mcp-list-assets","loaded-registry-listed"
"Pillar Broken 08","res://textures/objects/furniture/broken/pillar_broken_08.png","object","place_object","dungeondraft-built-in","Objects","","","mcp-list-assets","loaded-registry-listed"
"Pillar Broken 09","res://textures/objects/furniture/broken/pillar_broken_09.png","object","place_object","dungeondraft-built-in","Objects","","","mcp-list-assets","loaded-registry-listed"
"Pillar Broken 10","res://textures/objects/furniture/broken/pillar_broken_10.png","object","place_object","dungeondraft-built-in","Objects","","","mcp-list-assets","loaded-registry-listed"
"Pillar Broken 11","res://textures/objects/furniture/broken/pillar_broken_11.png","object","place_object","dungeondraft-built-in","Objects","","","mcp-list-assets","loaded-registry-listed"
"Pillar Broken 12","res://textures/objects/furniture/broken/pillar_broken_12.png","object","place_object","dungeondraft-built-in","Objects","","","mcp-list-assets","loaded-registry-listed"
"Pillar Broken 13","res://textures/objects/furniture/broken/pillar_broken_13.png","object","place_object","dungeondraft-built-in","Objects","","","mcp-list-assets","loaded-registry-listed"
"Table Broken 01","res://textures/objects/furniture/broken/table_broken_01.png","object","place_object","dungeondraft-built-in","Objects","","","mcp-list-assets","loaded-registry-listed"
"Table Broken 02","res://textures/objects/furniture/broken/table_broken_02.png","object","place_object","dungeondraft-built-in","Objects","","","mcp-list-assets","loaded-registry-listed"
"Table Broken 03","res://textures/objects/furniture/broken/table_broken_03.png","object","place_object","dungeondraft-built-in","Objects","","","mcp-list-assets","loaded-registry-listed"
"Arm Chair 01","res://textures/objects/furniture/chairs/arm_chair_01.png","object","place_object","dungeondraft-built-in","Objects","","","mcp-list-assets","loaded-registry-listed"
"Arm Chair 04","res://textures/objects/furniture/chairs/arm_chair_04.png","object","place_object","dungeondraft-built-in","Objects","","","mcp-list-assets","loaded-registry-listed"
"Arm Chair 05","res://textures/objects/furniture/chairs/arm_chair_05.png","object","place_object","dungeondraft-built-in","Objects","","","mcp-list-assets","loaded-registry-listed"
"Armchair 02","res://textures/objects/furniture/chairs/armchair_02.png","object","place_object","dungeondraft-built-in","Objects","","","mcp-list-assets","loaded-registry-listed"
"Armchair 03","res://textures/objects/furniture/chairs/armchair_03.png","object","place_object","dungeondraft-built-in","Objects","","","mcp-list-assets","loaded-registry-listed"
"Bar Chair","res://textures/objects/furniture/chairs/bar_chair.png","object","place_object","dungeondraft-built-in","Objects","","","mcp-list-assets","loaded-registry-listed"
"Bench 01","res://textures/objects/furniture/chairs/bench_01.png","object","place_object","dungeondraft-built-in","Objects","","","mcp-list-assets","loaded-registry-listed"
"Bench 02","res://textures/objects/furniture/chairs/bench_02.png","object","place_object","dungeondraft-built-in","Objects","","","mcp-list-assets","loaded-registry-listed"
"Bench 03","res://textures/objects/furniture/chairs/bench_03.png","object","place_object","dungeondraft-built-in","Objects","","","mcp-list-assets","loaded-registry-listed"
"Bench 04","res://textures/objects/furniture/chairs/bench_04.png","object","place_object","dungeondraft-built-in","Objects","","","mcp-list-assets","loaded-registry-listed"
"Bench 05","res://textures/objects/furniture/chairs/bench_05.png","object","place_object","dungeondraft-built-in","Objects","","","mcp-list-assets","loaded-registry-listed"
"Bench 06","res://textures/objects/furniture/chairs/bench_06.png","object","place_object","dungeondraft-built-in","Objects","","","mcp-list-assets","loaded-registry-listed"
"Bench 07","res://textures/objects/furniture/chairs/bench_07.png","object","place_object","dungeondraft-built-in","Objects","","","mcp-list-assets","loaded-registry-listed"
"Bench 08","res://textures/objects/furniture/chairs/bench_08.png","object","place_object","dungeondraft-built-in","Objects","","","mcp-list-assets","loaded-registry-listed"
"Bench 09","res://textures/objects/furniture/chairs/bench_09.png","object","place_object","dungeondraft-built-in","Objects","","","mcp-list-assets","loaded-registry-listed"
"Bench 10","res://textures/objects/furniture/chairs/bench_10.png","object","place_object","dungeondraft-built-in","Objects","","","mcp-list-assets","loaded-registry-listed"
"Bench 11","res://textures/objects/furniture/chairs/bench_11.png","object","place_object","dungeondraft-built-in","Objects","","","mcp-list-assets","loaded-registry-listed"
"Bench 12","res://textures/objects/furniture/chairs/bench_12.png","object","place_object","dungeondraft-built-in","Objects","","","mcp-list-assets","loaded-registry-listed"
"Bench 13","res://textures/objects/furniture/chairs/bench_13.png","object","place_object","dungeondraft-built-in","Objects","","","mcp-list-assets","loaded-registry-listed"
"Bench 14","res://textures/objects/furniture/chairs/bench_14.png","object","place_object","dungeondraft-built-in","Objects","","","mcp-list-assets","loaded-registry-listed"
"Bench 15","res://textures/objects/furniture/chairs/bench_15.png","object","place_object","dungeondraft-built-in","Objects","","","mcp-list-assets","loaded-registry-listed"
"Bench 16","res://textures/objects/furniture/chairs/bench_16.png","object","place_object","dungeondraft-built-in","Objects","","","mcp-list-assets","loaded-registry-listed"
"Chair 01","res://textures/objects/furniture/chairs/chair_01.png","object","place_object","dungeondraft-built-in","Objects","","","mcp-list-assets","loaded-registry-listed"
"Chair 02","res://textures/objects/furniture/chairs/chair_02.png","object","place_object","dungeondraft-built-in","Objects","","","mcp-list-assets","loaded-registry-listed"
"Chair 03","res://textures/objects/furniture/chairs/chair_03.png","object","place_object","dungeondraft-built-in","Objects","","","mcp-list-assets","loaded-registry-listed"
"Chair 04","res://textures/objects/furniture/chairs/chair_04.png","object","place_object","dungeondraft-built-in","Objects","","","mcp-list-assets","loaded-registry-listed"
"Chair 05","res://textures/objects/furniture/chairs/chair_05.png","object","place_object","dungeondraft-built-in","Objects","","","mcp-list-assets","loaded-registry-listed"
"Egypt Chair 01","res://textures/objects/furniture/chairs/egypt_chair_01.png","object","place_object","dungeondraft-built-in","Objects","","","mcp-list-assets","loaded-registry-listed"
"Egypt Chair 02","res://textures/objects/furniture/chairs/egypt_chair_02.png","object","place_object","dungeondraft-built-in","Objects","","","mcp-list-assets","loaded-registry-listed"
"Egypt Chair 03","res://textures/objects/furniture/chairs/egypt_chair_03.png","object","place_object","dungeondraft-built-in","Objects","","","mcp-list-assets","loaded-registry-listed"
"Egypt Sofa 01","res://textures/objects/furniture/chairs/egypt_sofa_01.png","object","place_object","dungeondraft-built-in","Objects","","","mcp-list-assets","loaded-registry-listed"
"Egypt Sofa 02","res://textures/objects/furniture/chairs/egypt_sofa_02.png","object","place_object","dungeondraft-built-in","Objects","","","mcp-list-assets","loaded-registry-listed"
"Egypt Sofa 03","res://textures/objects/furniture/chairs/egypt_sofa_03.png","object","place_object","dungeondraft-built-in","Objects","","","mcp-list-assets","loaded-registry-listed"
"Ottoman 01","res://textures/objects/furniture/chairs/ottoman_01.png","object","place_object","dungeondraft-built-in","Objects","","","mcp-list-assets","loaded-registry-listed"
"Round Chair 01","res://textures/objects/furniture/chairs/round_chair_01.png","object","place_object","dungeondraft-built-in","Objects","","","mcp-list-assets","loaded-registry-listed"
"Round Chair 02","res://textures/objects/furniture/chairs/round_chair_02.png","object","place_object","dungeondraft-built-in","Objects","","","mcp-list-assets","loaded-registry-listed"
"Sofa 01","res://textures/objects/furniture/chairs/sofa_01.png","object","place_object","dungeondraft-built-in","Objects","","","mcp-list-assets","loaded-registry-listed"
"Sofa 02","res://textures/objects/furniture/chairs/sofa_02.png","object","place_object","dungeondraft-built-in","Objects","","","mcp-list-assets","loaded-registry-listed"
"Sofa 03","res://textures/objects/furniture/chairs/sofa_03.png","object","place_object","dungeondraft-built-in","Objects","","","mcp-list-assets","loaded-registry-listed"
"Sofa 04","res://textures/objects/furniture/chairs/sofa_04.png","object","place_object","dungeondraft-built-in","Objects","","","mcp-list-assets","loaded-registry-listed"
"Sofa Corner 01","res://textures/objects/furniture/chairs/sofa_corner_01.png","object","place_object","dungeondraft-built-in","Objects","","","mcp-list-assets","loaded-registry-listed"
"Sofa Corner 02","res://textures/objects/furniture/chairs/sofa_corner_02.png","object","place_object","dungeondraft-built-in","Objects","","","mcp-list-assets","loaded-registry-listed"
"Sofa Sattee 01","res://textures/objects/furniture/chairs/sofa_sattee_01.png","object","place_object","dungeondraft-built-in","Objects","","","mcp-list-assets","loaded-registry-listed"
"Sofa Sattee 02","res://textures/objects/furniture/chairs/sofa_sattee_02.png","object","place_object","dungeondraft-built-in","Objects","","","mcp-list-assets","loaded-registry-listed"
"Throne 01","res://textures/objects/furniture/chairs/throne_01.png","object","place_object","dungeondraft-built-in","Objects","","","mcp-list-assets","loaded-registry-listed"
"Throne 02","res://textures/objects/furniture/chairs/throne_02.png","object","place_object","dungeondraft-built-in","Objects","","","mcp-list-assets","loaded-registry-listed"
"Throne 03","res://textures/objects/furniture/chairs/throne_03.png","object","place_object","dungeondraft-built-in","Objects","","","mcp-list-assets","loaded-registry-listed"
"Throne 04","res://textures/objects/furniture/chairs/throne_04.png","object","place_object","dungeondraft-built-in","Objects","","","mcp-list-assets","loaded-registry-listed"
"Throne 05","res://textures/objects/furniture/chairs/throne_05.png","object","place_object","dungeondraft-built-in","Objects","","","mcp-list-assets","loaded-registry-listed"
"Throne 06","res://textures/objects/furniture/chairs/throne_06.png","object","place_object","dungeondraft-built-in","Objects","","","mcp-list-assets","loaded-registry-listed"
"Throne 07","res://textures/objects/furniture/chairs/throne_07.png","object","place_object","dungeondraft-built-in","Objects","","","mcp-list-assets","loaded-registry-listed"
"Throne 08","res://textures/objects/furniture/chairs/throne_08.png","object","place_object","dungeondraft-built-in","Objects","","","mcp-list-assets","loaded-registry-listed"
"Desk 01","res://textures/objects/furniture/desks/desk_01.png","object","place_object","dungeondraft-built-in","Objects","","","mcp-list-assets","loaded-registry-listed"
"Desk 02","res://textures/objects/furniture/desks/desk_02.png","object","place_object","dungeondraft-built-in","Objects","","","mcp-list-assets","loaded-registry-listed"
"Open Desk 01","res://textures/objects/furniture/desks/open_desk_01.png","object","place_object","dungeondraft-built-in","Objects","","","mcp-list-assets","loaded-registry-listed"
"Open Desk 02","res://textures/objects/furniture/desks/open_desk_02.png","object","place_object","dungeondraft-built-in","Objects","","","mcp-list-assets","loaded-registry-listed"
"Bookshelf Corner 01","res://textures/objects/furniture/storage/bookshelf_corner_01.png","object","place_object","dungeondraft-built-in","Objects","","","mcp-list-assets","loaded-registry-listed"
"Bookshelf Corner 02","res://textures/objects/furniture/storage/bookshelf_corner_02.png","object","place_object","dungeondraft-built-in","Objects","","","mcp-list-assets","loaded-registry-listed"
"Bookshelf Corner 03","res://textures/objects/furniture/storage/bookshelf_corner_03.png","object","place_object","dungeondraft-built-in","Objects","","","mcp-list-assets","loaded-registry-listed"
"Bookshelf Corner 04","res://textures/objects/furniture/storage/bookshelf_corner_04.png","object","place_object","dungeondraft-built-in","Objects","","","mcp-list-assets","loaded-registry-listed"
"Bookshelf Corner 05","res://textures/objects/furniture/storage/bookshelf_corner_05.png","object","place_object","dungeondraft-built-in","Objects","","","mcp-list-assets","loaded-registry-listed"
"Bookshelf Corner 06","res://textures/objects/furniture/storage/bookshelf_corner_06.png","object","place_object","dungeondraft-built-in","Objects","","","mcp-list-assets","loaded-registry-listed"
"Bookshelf Corner 07","res://textures/objects/furniture/storage/bookshelf_corner_07.png","object","place_object","dungeondraft-built-in","Objects","","","mcp-list-assets","loaded-registry-listed"
"Bookshelf Corner 08","res://textures/objects/furniture/storage/bookshelf_corner_08.png","object","place_object","dungeondraft-built-in","Objects","","","mcp-list-assets","loaded-registry-listed"
"Bookshelf Corner 09","res://textures/objects/furniture/storage/bookshelf_corner_09.png","object","place_object","dungeondraft-built-in","Objects","","","mcp-list-assets","loaded-registry-listed"
"Chest 01","res://textures/objects/furniture/storage/chest_01.png","object","place_object","dungeondraft-built-in","Objects","","","mcp-list-assets","loaded-registry-listed"
"Chest Open 01","res://textures/objects/furniture/storage/chest_open_01.png","object","place_object","dungeondraft-built-in","Objects","","","mcp-list-assets","loaded-registry-listed"
"Chest Open 02","res://textures/objects/furniture/storage/chest_open_02.png","object","place_object","dungeondraft-built-in","Objects","","","mcp-list-assets","loaded-registry-listed"
"Merchant Shelf 01","res://textures/objects/furniture/storage/merchant_shelf_01.png","object","place_object","dungeondraft-built-in","Objects","","","mcp-list-assets","loaded-registry-listed"
"Merchant Shelf 02","res://textures/objects/furniture/storage/merchant_shelf_02.png","object","place_object","dungeondraft-built-in","Objects","","","mcp-list-assets","loaded-registry-listed"
"Merchant Shelf 03","res://textures/objects/furniture/storage/merchant_shelf_03.png","object","place_object","dungeondraft-built-in","Objects","","","mcp-list-assets","loaded-registry-listed"
"Merchant Shelf 04","res://textures/objects/furniture/storage/merchant_shelf_04.png","object","place_object","dungeondraft-built-in","Objects","","","mcp-list-assets","loaded-registry-listed"
"Merchant Shelf 05","res://textures/objects/furniture/storage/merchant_shelf_05.png","object","place_object","dungeondraft-built-in","Objects","","","mcp-list-assets","loaded-registry-listed"
"Small Chest 01","res://textures/objects/furniture/storage/small_chest_01.png","object","place_object","dungeondraft-built-in","Objects","","","mcp-list-assets","loaded-registry-listed"
"Small Chest 02","res://textures/objects/furniture/storage/small_chest_02.png","object","place_object","dungeondraft-built-in","Objects","","","mcp-list-assets","loaded-registry-listed"
"Small Chest 03","res://textures/objects/furniture/storage/small_chest_03.png","object","place_object","dungeondraft-built-in","Objects","","","mcp-list-assets","loaded-registry-listed"
"Small Chest 04","res://textures/objects/furniture/storage/small_chest_04.png","object","place_object","dungeondraft-built-in","Objects","","","mcp-list-assets","loaded-registry-listed"
"Wardrobe 01","res://textures/objects/furniture/storage/wardrobe_01.png","object","place_object","dungeondraft-built-in","Objects","","","mcp-list-assets","loaded-registry-listed"
"Wardrobe 02","res://textures/objects/furniture/storage/wardrobe_02.png","object","place_object","dungeondraft-built-in","Objects","","","mcp-list-assets","loaded-registry-listed"
"Wardrobe 03","res://textures/objects/furniture/storage/wardrobe_03.png","object","place_object","dungeondraft-built-in","Objects","","","mcp-list-assets","loaded-registry-listed"
"Wardrobe 04","res://textures/objects/furniture/storage/wardrobe_04.png","object","place_object","dungeondraft-built-in","Objects","","","mcp-list-assets","loaded-registry-listed"
"Wardrobe 05","res://textures/objects/furniture/storage/wardrobe_05.png","object","place_object","dungeondraft-built-in","Objects","","","mcp-list-assets","loaded-registry-listed"
"Bar Table","res://textures/objects/furniture/tables/bar_table.png","object","place_object","dungeondraft-built-in","Objects","","","mcp-list-assets","loaded-registry-listed"
"Egypt Table 01","res://textures/objects/furniture/tables/egypt_table_01.png","object","place_object","dungeondraft-built-in","Objects","","","mcp-list-assets","loaded-registry-listed"
"Egypt Table 02","res://textures/objects/furniture/tables/egypt_table_02.png","object","place_object","dungeondraft-built-in","Objects","","","mcp-list-assets","loaded-registry-listed"
"Egypt Table 03","res://textures/objects/furniture/tables/egypt_table_03.png","object","place_object","dungeondraft-built-in","Objects","","","mcp-list-assets","loaded-registry-listed"
"End Table 01","res://textures/objects/furniture/tables/end_table_01.png","object","place_object","dungeondraft-built-in","Objects","","","mcp-list-assets","loaded-registry-listed"
"End Table 02","res://textures/objects/furniture/tables/end_table_02.png","object","place_object","dungeondraft-built-in","Objects","","","mcp-list-assets","loaded-registry-listed"
"Round Table 01","res://textures/objects/furniture/tables/round_table_01.png","object","place_object","dungeondraft-built-in","Objects","","","mcp-list-assets","loaded-registry-listed"
"Round Table 02","res://textures/objects/furniture/tables/round_table_02.png","object","place_object","dungeondraft-built-in","Objects","","","mcp-list-assets","loaded-registry-listed"
"Round Table 03","res://textures/objects/furniture/tables/round_table_03.png","object","place_object","dungeondraft-built-in","Objects","","","mcp-list-assets","loaded-registry-listed"
"Round Table 04","res://textures/objects/furniture/tables/round_table_04.png","object","place_object","dungeondraft-built-in","Objects","","","mcp-list-assets","loaded-registry-listed"
"Small Table 01","res://textures/objects/furniture/tables/small_table_01.png","object","place_object","dungeondraft-built-in","Objects","","","mcp-list-assets","loaded-registry-listed"
"Small Table 02","res://textures/objects/furniture/tables/small_table_02.png","object","place_object","dungeondraft-built-in","Objects","","","mcp-list-assets","loaded-registry-listed"
"Small Table 03","res://textures/objects/furniture/tables/small_table_03.png","object","place_object","dungeondraft-built-in","Objects","","","mcp-list-assets","loaded-registry-listed"
"Small Table 04","res://textures/objects/furniture/tables/small_table_04.png","object","place_object","dungeondraft-built-in","Objects","","","mcp-list-assets","loaded-registry-listed"
"Small Table 05","res://textures/objects/furniture/tables/small_table_05.png","object","place_object","dungeondraft-built-in","Objects","","","mcp-list-assets","loaded-registry-listed"
"Small Table 06","res://textures/objects/furniture/tables/small_table_06.png","object","place_object","dungeondraft-built-in","Objects","","","mcp-list-assets","loaded-registry-listed"
"Small Table 07","res://textures/objects/furniture/tables/small_table_07.png","object","place_object","dungeondraft-built-in","Objects","","","mcp-list-assets","loaded-registry-listed"
"Small Table 08","res://textures/objects/furniture/tables/small_table_08.png","object","place_object","dungeondraft-built-in","Objects","","","mcp-list-assets","loaded-registry-listed"
"Small Table 09","res://textures/objects/furniture/tables/small_table_09.png","object","place_object","dungeondraft-built-in","Objects","","","mcp-list-assets","loaded-registry-listed"
"Small Table 10","res://textures/objects/furniture/tables/small_table_10.png","object","place_object","dungeondraft-built-in","Objects","","","mcp-list-assets","loaded-registry-listed"
"Table Corner Stone 01","res://textures/objects/furniture/tables/table_corner_stone_01.png","object","place_object","dungeondraft-built-in","Objects","","","mcp-list-assets","loaded-registry-listed"
"Table Corner Stone 02","res://textures/objects/furniture/tables/table_corner_stone_02.png","object","place_object","dungeondraft-built-in","Objects","","","mcp-list-assets","loaded-registry-listed"
"Table Corner Stone 03","res://textures/objects/furniture/tables/table_corner_stone_03.png","object","place_object","dungeondraft-built-in","Objects","","","mcp-list-assets","loaded-registry-listed"
"Table Corner Stone 04","res://textures/objects/furniture/tables/table_corner_stone_04.png","object","place_object","dungeondraft-built-in","Objects","","","mcp-list-assets","loaded-registry-listed"
"Table Corner Stone 05","res://textures/objects/furniture/tables/table_corner_stone_05.png","object","place_object","dungeondraft-built-in","Objects","","","mcp-list-assets","loaded-registry-listed"
"Table Corner Stone 06","res://textures/objects/furniture/tables/table_corner_stone_06.png","object","place_object","dungeondraft-built-in","Objects","","","mcp-list-assets","loaded-registry-listed"
"Table Corner Stone 07","res://textures/objects/furniture/tables/table_corner_stone_07.png","object","place_object","dungeondraft-built-in","Objects","","","mcp-list-assets","loaded-registry-listed"
"Table Corner Stone 08","res://textures/objects/furniture/tables/table_corner_stone_08.png","object","place_object","dungeondraft-built-in","Objects","","","mcp-list-assets","loaded-registry-listed"
"Table Corner Wood 01","res://textures/objects/furniture/tables/table_corner_wood_01.png","object","place_object","dungeondraft-built-in","Objects","","","mcp-list-assets","loaded-registry-listed"
"Table Corner Wood 02","res://textures/objects/furniture/tables/table_corner_wood_02.png","object","place_object","dungeondraft-built-in","Objects","","","mcp-list-assets","loaded-registry-listed"
"Table Corner Wood 03","res://textures/objects/furniture/tables/table_corner_wood_03.png","object","place_object","dungeondraft-built-in","Objects","","","mcp-list-assets","loaded-registry-listed"
"Table Corner Wood 04","res://textures/objects/furniture/tables/table_corner_wood_04.png","object","place_object","dungeondraft-built-in","Objects","","","mcp-list-assets","loaded-registry-listed"
"Table Corner Wood 05","res://textures/objects/furniture/tables/table_corner_wood_05.png","object","place_object","dungeondraft-built-in","Objects","","","mcp-list-assets","loaded-registry-listed"
"Table Corner Wood 06","res://textures/objects/furniture/tables/table_corner_wood_06.png","object","place_object","dungeondraft-built-in","Objects","","","mcp-list-assets","loaded-registry-listed"
"Table Corner Wood 07","res://textures/objects/furniture/tables/table_corner_wood_07.png","object","place_object","dungeondraft-built-in","Objects","","","mcp-list-assets","loaded-registry-listed"
"Funeral Pyre 01","res://textures/objects/graveyard/funeral_pyre_01.png","object","place_object","dungeondraft-built-in","Objects","","","mcp-list-assets","loaded-registry-listed"
"Funeral Pyre 02","res://textures/objects/graveyard/funeral_pyre_02.png","object","place_object","dungeondraft-built-in","Objects","","","mcp-list-assets","loaded-registry-listed"
"Funeral Pyre 03","res://textures/objects/graveyard/funeral_pyre_03.png","object","place_object","dungeondraft-built-in","Objects","","","mcp-list-assets","loaded-registry-listed"
"Funeral Pyre 04","res://textures/objects/graveyard/funeral_pyre_04.png","object","place_object","dungeondraft-built-in","Objects","","","mcp-list-assets","loaded-registry-listed"
"Grave 01","res://textures/objects/graveyard/grave_01.png","object","place_object","dungeondraft-built-in","Objects","","","mcp-list-assets","loaded-registry-listed"
"Grave 02","res://textures/objects/graveyard/grave_02.png","object","place_object","dungeondraft-built-in","Objects","","","mcp-list-assets","loaded-registry-listed"
"Grave 03","res://textures/objects/graveyard/grave_03.png","object","place_object","dungeondraft-built-in","Objects","","","mcp-list-assets","loaded-registry-listed"
"Grave 04","res://textures/objects/graveyard/grave_04.png","object","place_object","dungeondraft-built-in","Objects","","","mcp-list-assets","loaded-registry-listed"
"Grave 05","res://textures/objects/graveyard/grave_05.png","object","place_object","dungeondraft-built-in","Objects","","","mcp-list-assets","loaded-registry-listed"
"Grave 06","res://textures/objects/graveyard/grave_06.png","object","place_object","dungeondraft-built-in","Objects","","","mcp-list-assets","loaded-registry-listed"
"Grave 07","res://textures/objects/graveyard/grave_07.png","object","place_object","dungeondraft-built-in","Objects","","","mcp-list-assets","loaded-registry-listed"
"Grave 08","res://textures/objects/graveyard/grave_08.png","object","place_object","dungeondraft-built-in","Objects","","","mcp-list-assets","loaded-registry-listed"
"Grave 09","res://textures/objects/graveyard/grave_09.png","object","place_object","dungeondraft-built-in","Objects","","","mcp-list-assets","loaded-registry-listed"
"Grave 10","res://textures/objects/graveyard/grave_10.png","object","place_object","dungeondraft-built-in","Objects","","","mcp-list-assets","loaded-registry-listed"
"Grave 11","res://textures/objects/graveyard/grave_11.png","object","place_object","dungeondraft-built-in","Objects","","","mcp-list-assets","loaded-registry-listed"
"Gravestone 01","res://textures/objects/graveyard/gravestone_01.png","object","place_object","dungeondraft-built-in","Objects","","","mcp-list-assets","loaded-registry-listed"
"Gravestone 02","res://textures/objects/graveyard/gravestone_02.png","object","place_object","dungeondraft-built-in","Objects","","","mcp-list-assets","loaded-registry-listed"
"Gravestone 03","res://textures/objects/graveyard/gravestone_03.png","object","place_object","dungeondraft-built-in","Objects","","","mcp-list-assets","loaded-registry-listed"
"Gravestone 04","res://textures/objects/graveyard/gravestone_04.png","object","place_object","dungeondraft-built-in","Objects","","","mcp-list-assets","loaded-registry-listed"
"Gravestone 05","res://textures/objects/graveyard/gravestone_05.png","object","place_object","dungeondraft-built-in","Objects","","","mcp-list-assets","loaded-registry-listed"
"Gravestone 06","res://textures/objects/graveyard/gravestone_06.png","object","place_object","dungeondraft-built-in","Objects","","","mcp-list-assets","loaded-registry-listed"
"Gravestone 07","res://textures/objects/graveyard/gravestone_07.png","object","place_object","dungeondraft-built-in","Objects","","","mcp-list-assets","loaded-registry-listed"
"Gears 1","res://textures/objects/hardware/gears/gears_1.png","object","place_object","dungeondraft-built-in","Objects","","","mcp-list-assets","loaded-registry-listed"
"Gears 10","res://textures/objects/hardware/gears/gears_10.png","object","place_object","dungeondraft-built-in","Objects","","","mcp-list-assets","loaded-registry-listed"
"Gears 2","res://textures/objects/hardware/gears/gears_2.png","object","place_object","dungeondraft-built-in","Objects","","","mcp-list-assets","loaded-registry-listed"
"Gears 3","res://textures/objects/hardware/gears/gears_3.png","object","place_object","dungeondraft-built-in","Objects","","","mcp-list-assets","loaded-registry-listed"
"Gears 4","res://textures/objects/hardware/gears/gears_4.png","object","place_object","dungeondraft-built-in","Objects","","","mcp-list-assets","loaded-registry-listed"
"Gears 5","res://textures/objects/hardware/gears/gears_5.png","object","place_object","dungeondraft-built-in","Objects","","","mcp-list-assets","loaded-registry-listed"
"Gears 6","res://textures/objects/hardware/gears/gears_6.png","object","place_object","dungeondraft-built-in","Objects","","","mcp-list-assets","loaded-registry-listed"
"Gears 7","res://textures/objects/hardware/gears/gears_7.png","object","place_object","dungeondraft-built-in","Objects","","","mcp-list-assets","loaded-registry-listed"
"Gears 8","res://textures/objects/hardware/gears/gears_8.png","object","place_object","dungeondraft-built-in","Objects","","","mcp-list-assets","loaded-registry-listed"
"Gears 9","res://textures/objects/hardware/gears/gears_9.png","object","place_object","dungeondraft-built-in","Objects","","","mcp-list-assets","loaded-registry-listed"
"Toilet 01","res://textures/objects/hardware/toilets/toilet_01.png","object","place_object","dungeondraft-built-in","Objects","","","mcp-list-assets","loaded-registry-listed"
"Toilet 02","res://textures/objects/hardware/toilets/toilet_02.png","object","place_object","dungeondraft-built-in","Objects","","","mcp-list-assets","loaded-registry-listed"
"Toilet 03","res://textures/objects/hardware/toilets/toilet_03.png","object","place_object","dungeondraft-built-in","Objects","","","mcp-list-assets","loaded-registry-listed"
"Toilet 04","res://textures/objects/hardware/toilets/toilet_04.png","object","place_object","dungeondraft-built-in","Objects","","","mcp-list-assets","loaded-registry-listed"
"Toilet 05","res://textures/objects/hardware/toilets/toilet_05.png","object","place_object","dungeondraft-built-in","Objects","","","mcp-list-assets","loaded-registry-listed"
"Toilet 06","res://textures/objects/hardware/toilets/toilet_06.png","object","place_object","dungeondraft-built-in","Objects","","","mcp-list-assets","loaded-registry-listed"
"Bear Trap 01","res://textures/objects/hazards/bear_trap_01.png","object","place_object","dungeondraft-built-in","Objects","","","mcp-list-assets","loaded-registry-listed"
"Bear Trap 02","res://textures/objects/hazards/bear_trap_02.png","object","place_object","dungeondraft-built-in","Objects","","","mcp-list-assets","loaded-registry-listed"
"Blade 01","res://textures/objects/hazards/blade_01.png","object","place_object","dungeondraft-built-in","Objects","","","mcp-list-assets","loaded-registry-listed"
"Blade 02","res://textures/objects/hazards/blade_02.png","object","place_object","dungeondraft-built-in","Objects","","","mcp-list-assets","loaded-registry-listed"
"Blade 05","res://textures/objects/hazards/blade_05.png","object","place_object","dungeondraft-built-in","Objects","","","mcp-list-assets","loaded-registry-listed"
"Blade 06","res://textures/objects/hazards/blade_06.png","object","place_object","dungeondraft-built-in","Objects","","","mcp-list-assets","loaded-registry-listed"
"Floor Spikes 01","res://textures/objects/hazards/floor_spikes_01.png","object","place_object","dungeondraft-built-in","Objects","","","mcp-list-assets","loaded-registry-listed"
"Floor Spikes 02","res://textures/objects/hazards/floor_spikes_02.png","object","place_object","dungeondraft-built-in","Objects","","","mcp-list-assets","loaded-registry-listed"
"Hole 01","res://textures/objects/hazards/hole_01.png","object","place_object","dungeondraft-built-in","Objects","","","mcp-list-assets","loaded-registry-listed"
"Monster 01","res://textures/objects/hazards/monster_01.png","object","place_object","dungeondraft-built-in","Objects","","","mcp-list-assets","loaded-registry-listed"
"Pit 01","res://textures/objects/hazards/pit_01.png","object","place_object","dungeondraft-built-in","Objects","","","mcp-list-assets","loaded-registry-listed"
"Spike Pit Dungeon 01","res://textures/objects/hazards/spike_pit_dungeon_01.png","object","place_object","dungeondraft-built-in","Objects","","","mcp-list-assets","loaded-registry-listed"
"Spike Pit Wood 02","res://textures/objects/hazards/spike_pit_wood_02.png","object","place_object","dungeondraft-built-in","Objects","","","mcp-list-assets","loaded-registry-listed"
"Statue Trap 01","res://textures/objects/hazards/statue_trap_01.png","object","place_object","dungeondraft-built-in","Objects","","","mcp-list-assets","loaded-registry-listed"
"Statue Trap 02","res://textures/objects/hazards/statue_trap_02.png","object","place_object","dungeondraft-built-in","Objects","","","mcp-list-assets","loaded-registry-listed"
"Statue Trap Flames 01","res://textures/objects/hazards/statue_trap_flames_01.png","object","place_object","dungeondraft-built-in","Objects","","","mcp-list-assets","loaded-registry-listed"
"Statue Trap Flames 02","res://textures/objects/hazards/statue_trap_flames_02.png","object","place_object","dungeondraft-built-in","Objects","","","mcp-list-assets","loaded-registry-listed"
"Statue Trap Flames 03","res://textures/objects/hazards/statue_trap_flames_03.png","object","place_object","dungeondraft-built-in","Objects","","","mcp-list-assets","loaded-registry-listed"
"Tar Pit 01","res://textures/objects/hazards/tar_pit_01.png","object","place_object","dungeondraft-built-in","Objects","","","mcp-list-assets","loaded-registry-listed"
"Tar Pit 02","res://textures/objects/hazards/tar_pit_02.png","object","place_object","dungeondraft-built-in","Objects","","","mcp-list-assets","loaded-registry-listed"
"Tar Pit 03","res://textures/objects/hazards/tar_pit_03.png","object","place_object","dungeondraft-built-in","Objects","","","mcp-list-assets","loaded-registry-listed"
"Tar Pit 04","res://textures/objects/hazards/tar_pit_04.png","object","place_object","dungeondraft-built-in","Objects","","","mcp-list-assets","loaded-registry-listed"
"Tar Pit 05","res://textures/objects/hazards/tar_pit_05.png","object","place_object","dungeondraft-built-in","Objects","","","mcp-list-assets","loaded-registry-listed"
"Tar Pit 06","res://textures/objects/hazards/tar_pit_06.png","object","place_object","dungeondraft-built-in","Objects","","","mcp-list-assets","loaded-registry-listed"
"Toxic Gas 01","res://textures/objects/hazards/toxic_gas_01.png","object","place_object","dungeondraft-built-in","Objects","","","mcp-list-assets","loaded-registry-listed"
"Wall Spikes 01","res://textures/objects/hazards/wall_spikes_01.png","object","place_object","dungeondraft-built-in","Objects","","","mcp-list-assets","loaded-registry-listed"
"Wall Spikes 02","res://textures/objects/hazards/wall_spikes_02.png","object","place_object","dungeondraft-built-in","Objects","","","mcp-list-assets","loaded-registry-listed"
"Wall Trap 01","res://textures/objects/hazards/wall_trap_01.png","object","place_object","dungeondraft-built-in","Objects","","","mcp-list-assets","loaded-registry-listed"
"Grate 01","res://textures/objects/infrastructure/grates/grate_01.png","object","place_object","dungeondraft-built-in","Objects","","","mcp-list-assets","loaded-registry-listed"
"Grate 02","res://textures/objects/infrastructure/grates/grate_02.png","object","place_object","dungeondraft-built-in","Objects","","","mcp-list-assets","loaded-registry-listed"
"Grate 03","res://textures/objects/infrastructure/grates/grate_03.png","object","place_object","dungeondraft-built-in","Objects","","","mcp-list-assets","loaded-registry-listed"
"Grate 04","res://textures/objects/infrastructure/grates/grate_04.png","object","place_object","dungeondraft-built-in","Objects","","","mcp-list-assets","loaded-registry-listed"
"Grate 05","res://textures/objects/infrastructure/grates/grate_05.png","object","place_object","dungeondraft-built-in","Objects","","","mcp-list-assets","loaded-registry-listed"
"Grate 06","res://textures/objects/infrastructure/grates/grate_06.png","object","place_object","dungeondraft-built-in","Objects","","","mcp-list-assets","loaded-registry-listed"
"Grate 07","res://textures/objects/infrastructure/grates/grate_07.png","object","place_object","dungeondraft-built-in","Objects","","","mcp-list-assets","loaded-registry-listed"
"Grate 08","res://textures/objects/infrastructure/grates/grate_08.png","object","place_object","dungeondraft-built-in","Objects","","","mcp-list-assets","loaded-registry-listed"
"Pipe 01","res://textures/objects/infrastructure/pipes/pipe_01.png","object","place_object","dungeondraft-built-in","Objects","","","mcp-list-assets","loaded-registry-listed"
"Pipe 02","res://textures/objects/infrastructure/pipes/pipe_02.png","object","place_object","dungeondraft-built-in","Objects","","","mcp-list-assets","loaded-registry-listed"
"Pipe 03","res://textures/objects/infrastructure/pipes/pipe_03.png","object","place_object","dungeondraft-built-in","Objects","","","mcp-list-assets","loaded-registry-listed"
"Pipe 04","res://textures/objects/infrastructure/pipes/pipe_04.png","object","place_object","dungeondraft-built-in","Objects","","","mcp-list-assets","loaded-registry-listed"
"Pipe 05","res://textures/objects/infrastructure/pipes/pipe_05.png","object","place_object","dungeondraft-built-in","Objects","","","mcp-list-assets","loaded-registry-listed"
"Pipe 06","res://textures/objects/infrastructure/pipes/pipe_06.png","object","place_object","dungeondraft-built-in","Objects","","","mcp-list-assets","loaded-registry-listed"
"Pipe 07","res://textures/objects/infrastructure/pipes/pipe_07.png","object","place_object","dungeondraft-built-in","Objects","","","mcp-list-assets","loaded-registry-listed"
"Pipe 08","res://textures/objects/infrastructure/pipes/pipe_08.png","object","place_object","dungeondraft-built-in","Objects","","","mcp-list-assets","loaded-registry-listed"
"Pipe 09","res://textures/objects/infrastructure/pipes/pipe_09.png","object","place_object","dungeondraft-built-in","Objects","","","mcp-list-assets","loaded-registry-listed"
"Ballista 01","res://textures/objects/machines/ballista_01.png","object","place_object","dungeondraft-built-in","Objects","","","mcp-list-assets","loaded-registry-listed"
"Ballista 02","res://textures/objects/machines/ballista_02.png","object","place_object","dungeondraft-built-in","Objects","","","mcp-list-assets","loaded-registry-listed"
"Ballista 03","res://textures/objects/machines/ballista_03.png","object","place_object","dungeondraft-built-in","Objects","","","mcp-list-assets","loaded-registry-listed"
"Counterweight Crane","res://textures/objects/machines/counterweight_crane.png","object","place_object","dungeondraft-built-in","Objects","","","mcp-list-assets","loaded-registry-listed"
"Crane 01","res://textures/objects/machines/crane_01.png","object","place_object","dungeondraft-built-in","Objects","","","mcp-list-assets","loaded-registry-listed"
"Elevator 01","res://textures/objects/machines/elevator_01.png","object","place_object","dungeondraft-built-in","Objects","","","mcp-list-assets","loaded-registry-listed"
"Machine 01","res://textures/objects/machines/machine_01.png","object","place_object","dungeondraft-built-in","Objects","","","mcp-list-assets","loaded-registry-listed"
"Manual Conveyor","res://textures/objects/machines/manual_conveyor.png","object","place_object","dungeondraft-built-in","Objects","","","mcp-list-assets","loaded-registry-listed"
"Manual Conveyor Platform","res://textures/objects/machines/manual_conveyor_platform.png","object","place_object","dungeondraft-built-in","Objects","","","mcp-list-assets","loaded-registry-listed"
"Mortar 01","res://textures/objects/machines/mortar_01.png","object","place_object","dungeondraft-built-in","Objects","","","mcp-list-assets","loaded-registry-listed"
"Portcullis Winch","res://textures/objects/machines/portcullis_winch.png","object","place_object","dungeondraft-built-in","Objects","","","mcp-list-assets","loaded-registry-listed"
"Pulley Lift","res://textures/objects/machines/pulley_lift.png","object","place_object","dungeondraft-built-in","Objects","","","mcp-list-assets","loaded-registry-listed"
"Water Wheel 01","res://textures/objects/machines/water_wheel_01.png","object","place_object","dungeondraft-built-in","Objects","","","mcp-list-assets","loaded-registry-listed"
"Altar 01","res://textures/objects/magic/altar_01.png","object","place_object","dungeondraft-built-in","Objects","","","mcp-list-assets","loaded-registry-listed"
"Altar 02","res://textures/objects/magic/altar_02.png","object","place_object","dungeondraft-built-in","Objects","","","mcp-list-assets","loaded-registry-listed"
"Altar 03","res://textures/objects/magic/altar_03.png","object","place_object","dungeondraft-built-in","Objects","","","mcp-list-assets","loaded-registry-listed"
"Altar 04","res://textures/objects/magic/altar_04.png","object","place_object","dungeondraft-built-in","Objects","","","mcp-list-assets","loaded-registry-listed"
"Altar 05","res://textures/objects/magic/altar_05.png","object","place_object","dungeondraft-built-in","Objects","","","mcp-list-assets","loaded-registry-listed"
"Cauldron 01","res://textures/objects/magic/cauldron_01.png","object","place_object","dungeondraft-built-in","Objects","","","mcp-list-assets","loaded-registry-listed"
"Cauldron 02","res://textures/objects/magic/cauldron_02.png","object","place_object","dungeondraft-built-in","Objects","","","mcp-list-assets","loaded-registry-listed"
"Cauldron 03","res://textures/objects/magic/cauldron_03.png","object","place_object","dungeondraft-built-in","Objects","","","mcp-list-assets","loaded-registry-listed"
"Cauldron 04","res://textures/objects/magic/cauldron_04.png","object","place_object","dungeondraft-built-in","Objects","","","mcp-list-assets","loaded-registry-listed"
"Magic Portal 01","res://textures/objects/magic/magic_portal_01.png","object","place_object","dungeondraft-built-in","Objects","","","mcp-list-assets","loaded-registry-listed"
"Magic Portal 02","res://textures/objects/magic/magic_portal_02.png","object","place_object","dungeondraft-built-in","Objects","","","mcp-list-assets","loaded-registry-listed"
"Magic Portal 03","res://textures/objects/magic/magic_portal_03.png","object","place_object","dungeondraft-built-in","Objects","","","mcp-list-assets","loaded-registry-listed"
"Magic Portal 04","res://textures/objects/magic/magic_portal_04.png","object","place_object","dungeondraft-built-in","Objects","","","mcp-list-assets","loaded-registry-listed"
"Standing Portal 01","res://textures/objects/magic/standing_portal_01.png","object","place_object","dungeondraft-built-in","Objects","","","mcp-list-assets","loaded-registry-listed"
"Standing Portal 02","res://textures/objects/magic/standing_portal_02.png","object","place_object","dungeondraft-built-in","Objects","","","mcp-list-assets","loaded-registry-listed"
"Standing Portal 03","res://textures/objects/magic/standing_portal_03.png","object","place_object","dungeondraft-built-in","Objects","","","mcp-list-assets","loaded-registry-listed"
"Standing Portal 04","res://textures/objects/magic/standing_portal_04.png","object","place_object","dungeondraft-built-in","Objects","","","mcp-list-assets","loaded-registry-listed"
"Standing Portal 05","res://textures/objects/magic/standing_portal_05.png","object","place_object","dungeondraft-built-in","Objects","","","mcp-list-assets","loaded-registry-listed"
"Sum Circle 01","res://textures/objects/magic/sum_circle_01.png","object","place_object","dungeondraft-built-in","Objects","","","mcp-list-assets","loaded-registry-listed"
"Sum Circle 02","res://textures/objects/magic/sum_circle_02.png","object","place_object","dungeondraft-built-in","Objects","","","mcp-list-assets","loaded-registry-listed"
"Sum Circle 03","res://textures/objects/magic/sum_circle_03.png","object","place_object","dungeondraft-built-in","Objects","","","mcp-list-assets","loaded-registry-listed"
"Sum Circle 04","res://textures/objects/magic/sum_circle_04.png","object","place_object","dungeondraft-built-in","Objects","","","mcp-list-assets","loaded-registry-listed"
"Sum Circle 05","res://textures/objects/magic/sum_circle_05.png","object","place_object","dungeondraft-built-in","Objects","","","mcp-list-assets","loaded-registry-listed"
"Sum Circle 06","res://textures/objects/magic/sum_circle_06.png","object","place_object","dungeondraft-built-in","Objects","","","mcp-list-assets","loaded-registry-listed"
"Sum Circle 07","res://textures/objects/magic/sum_circle_07.png","object","place_object","dungeondraft-built-in","Objects","","","mcp-list-assets","loaded-registry-listed"
"Sum Circle 08","res://textures/objects/magic/sum_circle_08.png","object","place_object","dungeondraft-built-in","Objects","","","mcp-list-assets","loaded-registry-listed"
"Sum Circle 09","res://textures/objects/magic/sum_circle_09.png","object","place_object","dungeondraft-built-in","Objects","","","mcp-list-assets","loaded-registry-listed"
"Blood Water Stain 01","res://textures/objects/military/blood/blood_water_stain_01.png","object","place_object","dungeondraft-built-in","Objects","","","mcp-list-assets","loaded-registry-listed"
"Blood Water Stain 02","res://textures/objects/military/blood/blood_water_stain_02.png","object","place_object","dungeondraft-built-in","Objects","","","mcp-list-assets","loaded-registry-listed"
"Blood Water Stain 03","res://textures/objects/military/blood/blood_water_stain_03.png","object","place_object","dungeondraft-built-in","Objects","","","mcp-list-assets","loaded-registry-listed"
"Blood Water Stain 04","res://textures/objects/military/blood/blood_water_stain_04.png","object","place_object","dungeondraft-built-in","Objects","","","mcp-list-assets","loaded-registry-listed"
"Blood Water Stain 05","res://textures/objects/military/blood/blood_water_stain_05.png","object","place_object","dungeondraft-built-in","Objects","","","mcp-list-assets","loaded-registry-listed"
"Blood Water Stain 06","res://textures/objects/military/blood/blood_water_stain_06.png","object","place_object","dungeondraft-built-in","Objects","","","mcp-list-assets","loaded-registry-listed"
"Blood Water Stain 07","res://textures/objects/military/blood/blood_water_stain_07.png","object","place_object","dungeondraft-built-in","Objects","","","mcp-list-assets","loaded-registry-listed"
"Blood Water Stain 08","res://textures/objects/military/blood/blood_water_stain_08.png","object","place_object","dungeondraft-built-in","Objects","","","mcp-list-assets","loaded-registry-listed"
"Blood Water Stain 09","res://textures/objects/military/blood/blood_water_stain_09.png","object","place_object","dungeondraft-built-in","Objects","","","mcp-list-assets","loaded-registry-listed"
"Blood Water Stain 10","res://textures/objects/military/blood/blood_water_stain_10.png","object","place_object","dungeondraft-built-in","Objects","","","mcp-list-assets","loaded-registry-listed"
"Blood Water Stain 11","res://textures/objects/military/blood/blood_water_stain_11.png","object","place_object","dungeondraft-built-in","Objects","","","mcp-list-assets","loaded-registry-listed"
"Blood Water Stain 12","res://textures/objects/military/blood/blood_water_stain_12.png","object","place_object","dungeondraft-built-in","Objects","","","mcp-list-assets","loaded-registry-listed"
"Blood Water Stain 13","res://textures/objects/military/blood/blood_water_stain_13.png","object","place_object","dungeondraft-built-in","Objects","","","mcp-list-assets","loaded-registry-listed"
"Blood Water Stain 14","res://textures/objects/military/blood/blood_water_stain_14.png","object","place_object","dungeondraft-built-in","Objects","","","mcp-list-assets","loaded-registry-listed"
"Barried Wood 01","res://textures/objects/military/defense/barried_wood_01.png","object","place_object","dungeondraft-built-in","Objects","","","mcp-list-assets","loaded-registry-listed"
"Barrier Sandbag 01","res://textures/objects/military/defense/barrier_sandbag_01.png","object","place_object","dungeondraft-built-in","Objects","","","mcp-list-assets","loaded-registry-listed"
"Barrier Sandbag 02","res://textures/objects/military/defense/barrier_sandbag_02.png","object","place_object","dungeondraft-built-in","Objects","","","mcp-list-assets","loaded-registry-listed"
"Barrier Sandbag 03","res://textures/objects/military/defense/barrier_sandbag_03.png","object","place_object","dungeondraft-built-in","Objects","","","mcp-list-assets","loaded-registry-listed"
"Barrier Sandbag 04","res://textures/objects/military/defense/barrier_sandbag_04.png","object","place_object","dungeondraft-built-in","Objects","","","mcp-list-assets","loaded-registry-listed"
"Cheval De Frise 01","res://textures/objects/military/defense/cheval_de_frise_01.png","object","place_object","dungeondraft-built-in","Objects","","","mcp-list-assets","loaded-registry-listed"
"Shield 01","res://textures/objects/military/gear/shield_01.png","object","place_object","dungeondraft-built-in","Objects","","","mcp-list-assets","loaded-registry-listed"
"Shield 02","res://textures/objects/military/gear/shield_02.png","object","place_object","dungeondraft-built-in","Objects","","","mcp-list-assets","loaded-registry-listed"
"Ballista","res://textures/objects/military/machines/ballista.png","object","place_object","dungeondraft-built-in","Objects","","","mcp-list-assets","loaded-registry-listed"
"Ballista 02","res://textures/objects/military/machines/ballista_02.png","object","place_object","dungeondraft-built-in","Objects","","","mcp-list-assets","loaded-registry-listed"
"Mangonel","res://textures/objects/military/machines/mangonel.png","object","place_object","dungeondraft-built-in","Objects","","","mcp-list-assets","loaded-registry-listed"
"Mangonel Big","res://textures/objects/military/machines/mangonel_big.png","object","place_object","dungeondraft-built-in","Objects","","","mcp-list-assets","loaded-registry-listed"
"Trebuchet","res://textures/objects/military/machines/trebuchet.png","object","place_object","dungeondraft-built-in","Objects","","","mcp-list-assets","loaded-registry-listed"
"Bowl W Arrows","res://textures/objects/military/training/bowl_w_arrows.png","object","place_object","dungeondraft-built-in","Objects","","","mcp-list-assets","loaded-registry-listed"
"Bowl W Swords","res://textures/objects/military/training/bowl_w_swords.png","object","place_object","dungeondraft-built-in","Objects","","","mcp-list-assets","loaded-registry-listed"
"Target 01","res://textures/objects/military/training/target_01.png","object","place_object","dungeondraft-built-in","Objects","","","mcp-list-assets","loaded-registry-listed"
"Target 02","res://textures/objects/military/training/target_02.png","object","place_object","dungeondraft-built-in","Objects","","","mcp-list-assets","loaded-registry-listed"
"Target 03","res://textures/objects/military/training/target_03.png","object","place_object","dungeondraft-built-in","Objects","","","mcp-list-assets","loaded-registry-listed"
"Target 04","res://textures/objects/military/training/target_04.png","object","place_object","dungeondraft-built-in","Objects","","","mcp-list-assets","loaded-registry-listed"
"Target 05","res://textures/objects/military/training/target_05.png","object","place_object","dungeondraft-built-in","Objects","","","mcp-list-assets","loaded-registry-listed"
"Target 06","res://textures/objects/military/training/target_06.png","object","place_object","dungeondraft-built-in","Objects","","","mcp-list-assets","loaded-registry-listed"
"Arrow 01","res://textures/objects/military/weapons/arrow_01.png","object","place_object","dungeondraft-built-in","Objects","","","mcp-list-assets","loaded-registry-listed"
"Arrow Tip","res://textures/objects/military/weapons/arrow_tip.png","object","place_object","dungeondraft-built-in","Objects","","","mcp-list-assets","loaded-registry-listed"
"Bow 01","res://textures/objects/military/weapons/bow_01.png","object","place_object","dungeondraft-built-in","Objects","","","mcp-list-assets","loaded-registry-listed"
"Bow 02","res://textures/objects/military/weapons/bow_02.png","object","place_object","dungeondraft-built-in","Objects","","","mcp-list-assets","loaded-registry-listed"
"Cannon 01","res://textures/objects/military/weapons/cannon_01.png","object","place_object","dungeondraft-built-in","Objects","","","mcp-list-assets","loaded-registry-listed"
"Cannon 02","res://textures/objects/military/weapons/cannon_02.png","object","place_object","dungeondraft-built-in","Objects","","","mcp-list-assets","loaded-registry-listed"
"Cannonball 01","res://textures/objects/military/weapons/cannonball_01.png","object","place_object","dungeondraft-built-in","Objects","","","mcp-list-assets","loaded-registry-listed"
"Cannonball 02","res://textures/objects/military/weapons/cannonball_02.png","object","place_object","dungeondraft-built-in","Objects","","","mcp-list-assets","loaded-registry-listed"
"Cannonball 03","res://textures/objects/military/weapons/cannonball_03.png","object","place_object","dungeondraft-built-in","Objects","","","mcp-list-assets","loaded-registry-listed"
"Crossbow","res://textures/objects/military/weapons/crossbow.png","object","place_object","dungeondraft-built-in","Objects","","","mcp-list-assets","loaded-registry-listed"
"Sword 01","res://textures/objects/military/weapons/sword_01.png","object","place_object","dungeondraft-built-in","Objects","","","mcp-list-assets","loaded-registry-listed"
"Sword 02","res://textures/objects/military/weapons/sword_02.png","object","place_object","dungeondraft-built-in","Objects","","","mcp-list-assets","loaded-registry-listed"
"Sword 03","res://textures/objects/military/weapons/sword_03.png","object","place_object","dungeondraft-built-in","Objects","","","mcp-list-assets","loaded-registry-listed"
"Sword 04","res://textures/objects/military/weapons/sword_04.png","object","place_object","dungeondraft-built-in","Objects","","","mcp-list-assets","loaded-registry-listed"
"Sword 05","res://textures/objects/military/weapons/sword_05.png","object","place_object","dungeondraft-built-in","Objects","","","mcp-list-assets","loaded-registry-listed"
"Weapon Shelf 01","res://textures/objects/military/weapons/weapon_shelf_01.png","object","place_object","dungeondraft-built-in","Objects","","","mcp-list-assets","loaded-registry-listed"
"Weapon Shelf 02","res://textures/objects/military/weapons/weapon_shelf_02.png","object","place_object","dungeondraft-built-in","Objects","","","mcp-list-assets","loaded-registry-listed"
"Aspen 01","res://textures/objects/more_trees/aspen_01.png","object","place_object","dungeondraft-built-in","Objects","","","mcp-list-assets","loaded-registry-listed"
"Aspen 02","res://textures/objects/more_trees/aspen_02.png","object","place_object","dungeondraft-built-in","Objects","","","mcp-list-assets","loaded-registry-listed"
"Aspen 03","res://textures/objects/more_trees/aspen_03.png","object","place_object","dungeondraft-built-in","Objects","","","mcp-list-assets","loaded-registry-listed"
"Aspen 04","res://textures/objects/more_trees/aspen_04.png","object","place_object","dungeondraft-built-in","Objects","","","mcp-list-assets","loaded-registry-listed"
"Birch 01","res://textures/objects/more_trees/birch_01.png","object","place_object","dungeondraft-built-in","Objects","","","mcp-list-assets","loaded-registry-listed"
"Birch 02","res://textures/objects/more_trees/birch_02.png","object","place_object","dungeondraft-built-in","Objects","","","mcp-list-assets","loaded-registry-listed"
"Birch 03","res://textures/objects/more_trees/birch_03.png","object","place_object","dungeondraft-built-in","Objects","","","mcp-list-assets","loaded-registry-listed"
"Birch 04","res://textures/objects/more_trees/birch_04.png","object","place_object","dungeondraft-built-in","Objects","","","mcp-list-assets","loaded-registry-listed"
"Eucalyptus 01","res://textures/objects/more_trees/eucalyptus_01.png","object","place_object","dungeondraft-built-in","Objects","","","mcp-list-assets","loaded-registry-listed"
"Eucalyptus 02","res://textures/objects/more_trees/eucalyptus_02.png","object","place_object","dungeondraft-built-in","Objects","","","mcp-list-assets","loaded-registry-listed"
"Eucalyptus 03","res://textures/objects/more_trees/eucalyptus_03.png","object","place_object","dungeondraft-built-in","Objects","","","mcp-list-assets","loaded-registry-listed"
"Eucalyptus 04","res://textures/objects/more_trees/eucalyptus_04.png","object","place_object","dungeondraft-built-in","Objects","","","mcp-list-assets","loaded-registry-listed"
"J Maple 01","res://textures/objects/more_trees/j_maple_01.png","object","place_object","dungeondraft-built-in","Objects","","","mcp-list-assets","loaded-registry-listed"
"J Maple 02","res://textures/objects/more_trees/j_maple_02.png","object","place_object","dungeondraft-built-in","Objects","","","mcp-list-assets","loaded-registry-listed"
"J Maple 03","res://textures/objects/more_trees/j_maple_03.png","object","place_object","dungeondraft-built-in","Objects","","","mcp-list-assets","loaded-registry-listed"
"J Maple 04","res://textures/objects/more_trees/j_maple_04.png","object","place_object","dungeondraft-built-in","Objects","","","mcp-list-assets","loaded-registry-listed"
"Maple Tree Colorable 01","res://textures/objects/more_trees/maple_tree_colorable_01.png","object","place_object","dungeondraft-built-in","Objects","","","mcp-list-assets","loaded-registry-listed"
"Maple Tree Colorable 02","res://textures/objects/more_trees/maple_tree_colorable_02.png","object","place_object","dungeondraft-built-in","Objects","","","mcp-list-assets","loaded-registry-listed"
"Maple Tree Colorable 03","res://textures/objects/more_trees/maple_tree_colorable_03.png","object","place_object","dungeondraft-built-in","Objects","","","mcp-list-assets","loaded-registry-listed"
"Mossy Trunks 01","res://textures/objects/more_trees/mossy_trunks_01.png","object","place_object","dungeondraft-built-in","Objects","","","mcp-list-assets","loaded-registry-listed"
"Mossy Trunks 02","res://textures/objects/more_trees/mossy_trunks_02.png","object","place_object","dungeondraft-built-in","Objects","","","mcp-list-assets","loaded-registry-listed"
"Mossy Trunks 03","res://textures/objects/more_trees/mossy_trunks_03.png","object","place_object","dungeondraft-built-in","Objects","","","mcp-list-assets","loaded-registry-listed"
"Mossy Trunks 04","res://textures/objects/more_trees/mossy_trunks_04.png","object","place_object","dungeondraft-built-in","Objects","","","mcp-list-assets","loaded-registry-listed"
"Mossy Trunks 05","res://textures/objects/more_trees/mossy_trunks_05.png","object","place_object","dungeondraft-built-in","Objects","","","mcp-list-assets","loaded-registry-listed"
"Mossy Trunks 06","res://textures/objects/more_trees/mossy_trunks_06.png","object","place_object","dungeondraft-built-in","Objects","","","mcp-list-assets","loaded-registry-listed"
"Oak 01","res://textures/objects/more_trees/oak_01.png","object","place_object","dungeondraft-built-in","Objects","","","mcp-list-assets","loaded-registry-listed"
"Oak 02","res://textures/objects/more_trees/oak_02.png","object","place_object","dungeondraft-built-in","Objects","","","mcp-list-assets","loaded-registry-listed"
"Oak 03","res://textures/objects/more_trees/oak_03.png","object","place_object","dungeondraft-built-in","Objects","","","mcp-list-assets","loaded-registry-listed"
"Oak 04","res://textures/objects/more_trees/oak_04.png","object","place_object","dungeondraft-built-in","Objects","","","mcp-list-assets","loaded-registry-listed"
"Tree Flower 01","res://textures/objects/more_trees/tree_flower_01.png","object","place_object","dungeondraft-built-in","Objects","","","mcp-list-assets","loaded-registry-listed"
"Tree Flower 02","res://textures/objects/more_trees/tree_flower_02.png","object","place_object","dungeondraft-built-in","Objects","","","mcp-list-assets","loaded-registry-listed"
"Tree Flower 03","res://textures/objects/more_trees/tree_flower_03.png","object","place_object","dungeondraft-built-in","Objects","","","mcp-list-assets","loaded-registry-listed"
"Tree Flower 04","res://textures/objects/more_trees/tree_flower_04.png","object","place_object","dungeondraft-built-in","Objects","","","mcp-list-assets","loaded-registry-listed"
"Debris 01","res://textures/objects/object_ruin_debris/debris_01.png","object","place_object","dungeondraft-built-in","Objects","","","mcp-list-assets","loaded-registry-listed"
"Debris 02","res://textures/objects/object_ruin_debris/debris_02.png","object","place_object","dungeondraft-built-in","Objects","","","mcp-list-assets","loaded-registry-listed"
"Debris 03","res://textures/objects/object_ruin_debris/debris_03.png","object","place_object","dungeondraft-built-in","Objects","","","mcp-list-assets","loaded-registry-listed"
"Debris 04 1","res://textures/objects/object_ruin_debris/debris_04-1.png","object","place_object","dungeondraft-built-in","Objects","","","mcp-list-assets","loaded-registry-listed"
"Debris 04","res://textures/objects/object_ruin_debris/debris_04.png","object","place_object","dungeondraft-built-in","Objects","","","mcp-list-assets","loaded-registry-listed"
"Debris 05","res://textures/objects/object_ruin_debris/debris_05.png","object","place_object","dungeondraft-built-in","Objects","","","mcp-list-assets","loaded-registry-listed"
"Debris 06","res://textures/objects/object_ruin_debris/debris_06.png","object","place_object","dungeondraft-built-in","Objects","","","mcp-list-assets","loaded-registry-listed"
"Debris 07","res://textures/objects/object_ruin_debris/debris_07.png","object","place_object","dungeondraft-built-in","Objects","","","mcp-list-assets","loaded-registry-listed"
"Debris 08","res://textures/objects/object_ruin_debris/debris_08.png","object","place_object","dungeondraft-built-in","Objects","","","mcp-list-assets","loaded-registry-listed"
"Debris 09","res://textures/objects/object_ruin_debris/debris_09.png","object","place_object","dungeondraft-built-in","Objects","","","mcp-list-assets","loaded-registry-listed"
"Debris 10","res://textures/objects/object_ruin_debris/debris_10.png","object","place_object","dungeondraft-built-in","Objects","","","mcp-list-assets","loaded-registry-listed"
"Debris 11","res://textures/objects/object_ruin_debris/debris_11.png","object","place_object","dungeondraft-built-in","Objects","","","mcp-list-assets","loaded-registry-listed"
"Debris 12","res://textures/objects/object_ruin_debris/debris_12.png","object","place_object","dungeondraft-built-in","Objects","","","mcp-list-assets","loaded-registry-listed"
"Debris 13","res://textures/objects/object_ruin_debris/debris_13.png","object","place_object","dungeondraft-built-in","Objects","","","mcp-list-assets","loaded-registry-listed"
"Debris 14","res://textures/objects/object_ruin_debris/debris_14.png","object","place_object","dungeondraft-built-in","Objects","","","mcp-list-assets","loaded-registry-listed"
"Debris 15","res://textures/objects/object_ruin_debris/debris_15.png","object","place_object","dungeondraft-built-in","Objects","","","mcp-list-assets","loaded-registry-listed"
"Anchor 01","res://textures/objects/ships/anchor_01.png","object","place_object","dungeondraft-built-in","Objects","","","mcp-list-assets","loaded-registry-listed"
"Anchor 02","res://textures/objects/ships/anchor_02.png","object","place_object","dungeondraft-built-in","Objects","","","mcp-list-assets","loaded-registry-listed"
"Anchor 03","res://textures/objects/ships/anchor_03.png","object","place_object","dungeondraft-built-in","Objects","","","mcp-list-assets","loaded-registry-listed"
"Bowsprit 01","res://textures/objects/ships/bowsprit_01.png","object","place_object","dungeondraft-built-in","Objects","","","mcp-list-assets","loaded-registry-listed"
"Bowsprit 02","res://textures/objects/ships/bowsprit_02.png","object","place_object","dungeondraft-built-in","Objects","","","mcp-list-assets","loaded-registry-listed"
"Bowsprit 03","res://textures/objects/ships/bowsprit_03.png","object","place_object","dungeondraft-built-in","Objects","","","mcp-list-assets","loaded-registry-listed"
"Capstan 01","res://textures/objects/ships/capstan_01.png","object","place_object","dungeondraft-built-in","Objects","","","mcp-list-assets","loaded-registry-listed"
"Capstan 02","res://textures/objects/ships/capstan_02.png","object","place_object","dungeondraft-built-in","Objects","","","mcp-list-assets","loaded-registry-listed"
"Hatch 01","res://textures/objects/ships/hatch_01.png","object","place_object","dungeondraft-built-in","Objects","","","mcp-list-assets","loaded-registry-listed"
"Hatch 02","res://textures/objects/ships/hatch_02.png","object","place_object","dungeondraft-built-in","Objects","","","mcp-list-assets","loaded-registry-listed"
"Hatch 03","res://textures/objects/ships/hatch_03.png","object","place_object","dungeondraft-built-in","Objects","","","mcp-list-assets","loaded-registry-listed"
"Hatch 04","res://textures/objects/ships/hatch_04.png","object","place_object","dungeondraft-built-in","Objects","","","mcp-list-assets","loaded-registry-listed"
"Hatch 05","res://textures/objects/ships/hatch_05.png","object","place_object","dungeondraft-built-in","Objects","","","mcp-list-assets","loaded-registry-listed"
"Mast 01","res://textures/objects/ships/mast_01.png","object","place_object","dungeondraft-built-in","Objects","","","mcp-list-assets","loaded-registry-listed"
"Mast 02","res://textures/objects/ships/mast_02.png","object","place_object","dungeondraft-built-in","Objects","","","mcp-list-assets","loaded-registry-listed"
"Mast 03","res://textures/objects/ships/mast_03.png","object","place_object","dungeondraft-built-in","Objects","","","mcp-list-assets","loaded-registry-listed"
"Mast 04","res://textures/objects/ships/mast_04.png","object","place_object","dungeondraft-built-in","Objects","","","mcp-list-assets","loaded-registry-listed"
"Mast 05","res://textures/objects/ships/mast_05.png","object","place_object","dungeondraft-built-in","Objects","","","mcp-list-assets","loaded-registry-listed"
"Mast 06","res://textures/objects/ships/mast_06.png","object","place_object","dungeondraft-built-in","Objects","","","mcp-list-assets","loaded-registry-listed"
"Mast 07","res://textures/objects/ships/mast_07.png","object","place_object","dungeondraft-built-in","Objects","","","mcp-list-assets","loaded-registry-listed"
"Mast 08","res://textures/objects/ships/mast_08.png","object","place_object","dungeondraft-built-in","Objects","","","mcp-list-assets","loaded-registry-listed"
"Mast 09","res://textures/objects/ships/mast_09.png","object","place_object","dungeondraft-built-in","Objects","","","mcp-list-assets","loaded-registry-listed"
"Mast 10","res://textures/objects/ships/mast_10.png","object","place_object","dungeondraft-built-in","Objects","","","mcp-list-assets","loaded-registry-listed"
"Mast 11","res://textures/objects/ships/mast_11.png","object","place_object","dungeondraft-built-in","Objects","","","mcp-list-assets","loaded-registry-listed"
"Mast 12","res://textures/objects/ships/mast_12.png","object","place_object","dungeondraft-built-in","Objects","","","mcp-list-assets","loaded-registry-listed"
"Mast 13","res://textures/objects/ships/mast_13.png","object","place_object","dungeondraft-built-in","Objects","","","mcp-list-assets","loaded-registry-listed"
"Mast 14","res://textures/objects/ships/mast_14.png","object","place_object","dungeondraft-built-in","Objects","","","mcp-list-assets","loaded-registry-listed"
"Mast 15","res://textures/objects/ships/mast_15.png","object","place_object","dungeondraft-built-in","Objects","","","mcp-list-assets","loaded-registry-listed"
"Mast 16","res://textures/objects/ships/mast_16.png","object","place_object","dungeondraft-built-in","Objects","","","mcp-list-assets","loaded-registry-listed"
"Mast 17","res://textures/objects/ships/mast_17.png","object","place_object","dungeondraft-built-in","Objects","","","mcp-list-assets","loaded-registry-listed"
"Mast 18","res://textures/objects/ships/mast_18.png","object","place_object","dungeondraft-built-in","Objects","","","mcp-list-assets","loaded-registry-listed"
"Mast 19","res://textures/objects/ships/mast_19.png","object","place_object","dungeondraft-built-in","Objects","","","mcp-list-assets","loaded-registry-listed"
"Sail Driver 01","res://textures/objects/ships/sail_driver_01.png","object","place_object","dungeondraft-built-in","Objects","","","mcp-list-assets","loaded-registry-listed"
"Sail Jib Large 01","res://textures/objects/ships/sail_jib_large_01.png","object","place_object","dungeondraft-built-in","Objects","","","mcp-list-assets","loaded-registry-listed"
"Sail Jib Large 02","res://textures/objects/ships/sail_jib_large_02.png","object","place_object","dungeondraft-built-in","Objects","","","mcp-list-assets","loaded-registry-listed"
"Sail Jib Small 01","res://textures/objects/ships/sail_jib_small_01.png","object","place_object","dungeondraft-built-in","Objects","","","mcp-list-assets","loaded-registry-listed"
"Sail Jib Small 02","res://textures/objects/ships/sail_jib_small_02.png","object","place_object","dungeondraft-built-in","Objects","","","mcp-list-assets","loaded-registry-listed"
"Sail Jib Small 03","res://textures/objects/ships/sail_jib_small_03.png","object","place_object","dungeondraft-built-in","Objects","","","mcp-list-assets","loaded-registry-listed"
"Sail Lateen 01","res://textures/objects/ships/sail_lateen_01.png","object","place_object","dungeondraft-built-in","Objects","","","mcp-list-assets","loaded-registry-listed"
"Sail Lateen 02","res://textures/objects/ships/sail_lateen_02.png","object","place_object","dungeondraft-built-in","Objects","","","mcp-list-assets","loaded-registry-listed"
"Sail Lateen 03","res://textures/objects/ships/sail_lateen_03.png","object","place_object","dungeondraft-built-in","Objects","","","mcp-list-assets","loaded-registry-listed"
"Sail Lateen 04","res://textures/objects/ships/sail_lateen_04.png","object","place_object","dungeondraft-built-in","Objects","","","mcp-list-assets","loaded-registry-listed"
"Sail Lateen 05","res://textures/objects/ships/sail_lateen_05.png","object","place_object","dungeondraft-built-in","Objects","","","mcp-list-assets","loaded-registry-listed"
"Sail Lateen 06","res://textures/objects/ships/sail_lateen_06.png","object","place_object","dungeondraft-built-in","Objects","","","mcp-list-assets","loaded-registry-listed"
"Sail Square 01","res://textures/objects/ships/sail_square_01.png","object","place_object","dungeondraft-built-in","Objects","","","mcp-list-assets","loaded-registry-listed"
"Sail Square 02","res://textures/objects/ships/sail_square_02.png","object","place_object","dungeondraft-built-in","Objects","","","mcp-list-assets","loaded-registry-listed"
"Totem 01","res://textures/objects/spiritual/totems/totem_01.png","object","place_object","dungeondraft-built-in","Objects","","","mcp-list-assets","loaded-registry-listed"
"Totem 02","res://textures/objects/spiritual/totems/totem_02.png","object","place_object","dungeondraft-built-in","Objects","","","mcp-list-assets","loaded-registry-listed"
"Totem Broken 01","res://textures/objects/spiritual/totems/totem_broken_01.png","object","place_object","dungeondraft-built-in","Objects","","","mcp-list-assets","loaded-registry-listed"
"Totem Broken 02","res://textures/objects/spiritual/totems/totem_broken_02.png","object","place_object","dungeondraft-built-in","Objects","","","mcp-list-assets","loaded-registry-listed"
"Totem Broken 03","res://textures/objects/spiritual/totems/totem_broken_03.png","object","place_object","dungeondraft-built-in","Objects","","","mcp-list-assets","loaded-registry-listed"
"Totem Broken 04","res://textures/objects/spiritual/totems/totem_broken_04.png","object","place_object","dungeondraft-built-in","Objects","","","mcp-list-assets","loaded-registry-listed"
"Hay","res://textures/objects/stable/hay.png","object","place_object","dungeondraft-built-in","Objects","","","mcp-list-assets","loaded-registry-listed"
"Hay Floor 01","res://textures/objects/stable/hay_floor_01.png","object","place_object","dungeondraft-built-in","Objects","","","mcp-list-assets","loaded-registry-listed"
"Hay Floor 02","res://textures/objects/stable/hay_floor_02.png","object","place_object","dungeondraft-built-in","Objects","","","mcp-list-assets","loaded-registry-listed"
"Hay Floor 03","res://textures/objects/stable/hay_floor_03.png","object","place_object","dungeondraft-built-in","Objects","","","mcp-list-assets","loaded-registry-listed"
"Hay Pile","res://textures/objects/stable/hay_pile.png","object","place_object","dungeondraft-built-in","Objects","","","mcp-list-assets","loaded-registry-listed"
"Horse 01","res://textures/objects/stable/horse_01.png","object","place_object","dungeondraft-built-in","Objects","","","mcp-list-assets","loaded-registry-listed"
"Horse 02","res://textures/objects/stable/horse_02.png","object","place_object","dungeondraft-built-in","Objects","","","mcp-list-assets","loaded-registry-listed"
"Horse 03","res://textures/objects/stable/horse_03.png","object","place_object","dungeondraft-built-in","Objects","","","mcp-list-assets","loaded-registry-listed"
"Horse 04","res://textures/objects/stable/horse_04.png","object","place_object","dungeondraft-built-in","Objects","","","mcp-list-assets","loaded-registry-listed"
"Horse 05","res://textures/objects/stable/horse_05.png","object","place_object","dungeondraft-built-in","Objects","","","mcp-list-assets","loaded-registry-listed"
"Horse 06","res://textures/objects/stable/horse_06.png","object","place_object","dungeondraft-built-in","Objects","","","mcp-list-assets","loaded-registry-listed"
"Stable 01","res://textures/objects/stable/stable_01.png","object","place_object","dungeondraft-built-in","Objects","","","mcp-list-assets","loaded-registry-listed"
"Stable 02","res://textures/objects/stable/stable_02.png","object","place_object","dungeondraft-built-in","Objects","","","mcp-list-assets","loaded-registry-listed"
"Stable 03","res://textures/objects/stable/stable_03.png","object","place_object","dungeondraft-built-in","Objects","","","mcp-list-assets","loaded-registry-listed"
"Stable 04","res://textures/objects/stable/stable_04.png","object","place_object","dungeondraft-built-in","Objects","","","mcp-list-assets","loaded-registry-listed"
"Trough Barn","res://textures/objects/stable/trough_barn.png","object","place_object","dungeondraft-built-in","Objects","","","mcp-list-assets","loaded-registry-listed"
"Trough Barn 02","res://textures/objects/stable/trough_barn_02.png","object","place_object","dungeondraft-built-in","Objects","","","mcp-list-assets","loaded-registry-listed"
"Trough Barn 03","res://textures/objects/stable/trough_barn_03.png","object","place_object","dungeondraft-built-in","Objects","","","mcp-list-assets","loaded-registry-listed"
"Trough Barn 04","res://textures/objects/stable/trough_barn_04.png","object","place_object","dungeondraft-built-in","Objects","","","mcp-list-assets","loaded-registry-listed"
"Trough Stable","res://textures/objects/stable/trough_stable.png","object","place_object","dungeondraft-built-in","Objects","","","mcp-list-assets","loaded-registry-listed"
"Trough Stable 02","res://textures/objects/stable/trough_stable_02.png","object","place_object","dungeondraft-built-in","Objects","","","mcp-list-assets","loaded-registry-listed"
"Statue 01","res://textures/objects/statues/statue_01.png","object","place_object","dungeondraft-built-in","Objects","","","mcp-list-assets","loaded-registry-listed"
"Statue 02","res://textures/objects/statues/statue_02.png","object","place_object","dungeondraft-built-in","Objects","","","mcp-list-assets","loaded-registry-listed"
"Statue 03","res://textures/objects/statues/statue_03.png","object","place_object","dungeondraft-built-in","Objects","","","mcp-list-assets","loaded-registry-listed"
"Statue 04","res://textures/objects/statues/statue_04.png","object","place_object","dungeondraft-built-in","Objects","","","mcp-list-assets","loaded-registry-listed"
"Statue 05","res://textures/objects/statues/statue_05.png","object","place_object","dungeondraft-built-in","Objects","","","mcp-list-assets","loaded-registry-listed"
"Statue 06","res://textures/objects/statues/statue_06.png","object","place_object","dungeondraft-built-in","Objects","","","mcp-list-assets","loaded-registry-listed"
"Statue 07","res://textures/objects/statues/statue_07.png","object","place_object","dungeondraft-built-in","Objects","","","mcp-list-assets","loaded-registry-listed"
"Statue 08","res://textures/objects/statues/statue_08.png","object","place_object","dungeondraft-built-in","Objects","","","mcp-list-assets","loaded-registry-listed"
"Statue 09","res://textures/objects/statues/statue_09.png","object","place_object","dungeondraft-built-in","Objects","","","mcp-list-assets","loaded-registry-listed"
"Statue 10","res://textures/objects/statues/statue_10.png","object","place_object","dungeondraft-built-in","Objects","","","mcp-list-assets","loaded-registry-listed"
"Statue 11","res://textures/objects/statues/statue_11.png","object","place_object","dungeondraft-built-in","Objects","","","mcp-list-assets","loaded-registry-listed"
"Statue 12","res://textures/objects/statues/statue_12.png","object","place_object","dungeondraft-built-in","Objects","","","mcp-list-assets","loaded-registry-listed"
"Statue 13","res://textures/objects/statues/statue_13.png","object","place_object","dungeondraft-built-in","Objects","","","mcp-list-assets","loaded-registry-listed"
"Statue 14","res://textures/objects/statues/statue_14.png","object","place_object","dungeondraft-built-in","Objects","","","mcp-list-assets","loaded-registry-listed"
"Statue 15","res://textures/objects/statues/statue_15.png","object","place_object","dungeondraft-built-in","Objects","","","mcp-list-assets","loaded-registry-listed"
"Statue 16","res://textures/objects/statues/statue_16.png","object","place_object","dungeondraft-built-in","Objects","","","mcp-list-assets","loaded-registry-listed"
"Statue 17","res://textures/objects/statues/statue_17.png","object","place_object","dungeondraft-built-in","Objects","","","mcp-list-assets","loaded-registry-listed"
"Statue 18","res://textures/objects/statues/statue_18.png","object","place_object","dungeondraft-built-in","Objects","","","mcp-list-assets","loaded-registry-listed"
"Statue 19","res://textures/objects/statues/statue_19.png","object","place_object","dungeondraft-built-in","Objects","","","mcp-list-assets","loaded-registry-listed"
"Statue 20","res://textures/objects/statues/statue_20.png","object","place_object","dungeondraft-built-in","Objects","","","mcp-list-assets","loaded-registry-listed"
"Statue 21","res://textures/objects/statues/statue_21.png","object","place_object","dungeondraft-built-in","Objects","","","mcp-list-assets","loaded-registry-listed"
"Statue 22","res://textures/objects/statues/statue_22.png","object","place_object","dungeondraft-built-in","Objects","","","mcp-list-assets","loaded-registry-listed"
"Statue 23","res://textures/objects/statues/statue_23.png","object","place_object","dungeondraft-built-in","Objects","","","mcp-list-assets","loaded-registry-listed"
"Statue 24","res://textures/objects/statues/statue_24.png","object","place_object","dungeondraft-built-in","Objects","","","mcp-list-assets","loaded-registry-listed"
"Statue 25","res://textures/objects/statues/statue_25.png","object","place_object","dungeondraft-built-in","Objects","","","mcp-list-assets","loaded-registry-listed"
"Bridge01 Downend","res://textures/objects/structures/bridges/bridge01_downend.png","object","place_object","dungeondraft-built-in","Objects","","","mcp-list-assets","loaded-registry-listed"
"Bridge01 Middle1","res://textures/objects/structures/bridges/bridge01_middle1.png","object","place_object","dungeondraft-built-in","Objects","","","mcp-list-assets","loaded-registry-listed"
"Bridge01 Middle2","res://textures/objects/structures/bridges/bridge01_middle2.png","object","place_object","dungeondraft-built-in","Objects","","","mcp-list-assets","loaded-registry-listed"
"Bridge01 Upend","res://textures/objects/structures/bridges/bridge01_upend.png","object","place_object","dungeondraft-built-in","Objects","","","mcp-list-assets","loaded-registry-listed"
"Bridge02 Downend","res://textures/objects/structures/bridges/bridge02_downend.png","object","place_object","dungeondraft-built-in","Objects","","","mcp-list-assets","loaded-registry-listed"
"Bridge02 Middle1","res://textures/objects/structures/bridges/bridge02_middle1.png","object","place_object","dungeondraft-built-in","Objects","","","mcp-list-assets","loaded-registry-listed"
"Bridge02 Middle2","res://textures/objects/structures/bridges/bridge02_middle2.png","object","place_object","dungeondraft-built-in","Objects","","","mcp-list-assets","loaded-registry-listed"
"Bridge02 Upend","res://textures/objects/structures/bridges/bridge02_upend.png","object","place_object","dungeondraft-built-in","Objects","","","mcp-list-assets","loaded-registry-listed"
"Bridge03","res://textures/objects/structures/bridges/bridge03.png","object","place_object","dungeondraft-built-in","Objects","","","mcp-list-assets","loaded-registry-listed"
"Bridge04","res://textures/objects/structures/bridges/bridge04.png","object","place_object","dungeondraft-built-in","Objects","","","mcp-list-assets","loaded-registry-listed"
"Bridge05","res://textures/objects/structures/bridges/bridge05.png","object","place_object","dungeondraft-built-in","Objects","","","mcp-list-assets","loaded-registry-listed"
"Bridge06","res://textures/objects/structures/bridges/bridge06.png","object","place_object","dungeondraft-built-in","Objects","","","mcp-list-assets","loaded-registry-listed"
"Bridge07 Corner","res://textures/objects/structures/bridges/bridge07_corner.png","object","place_object","dungeondraft-built-in","Objects","","","mcp-list-assets","loaded-registry-listed"
"Bridge07 Middle","res://textures/objects/structures/bridges/bridge07_middle.png","object","place_object","dungeondraft-built-in","Objects","","","mcp-list-assets","loaded-registry-listed"
"Bridge08","res://textures/objects/structures/bridges/bridge08.png","object","place_object","dungeondraft-built-in","Objects","","","mcp-list-assets","loaded-registry-listed"
"Bridge Broken 01","res://textures/objects/structures/bridges/bridge_broken_01.png","object","place_object","dungeondraft-built-in","Objects","","","mcp-list-assets","loaded-registry-listed"
"Bridge Broken 02","res://textures/objects/structures/bridges/bridge_broken_02.png","object","place_object","dungeondraft-built-in","Objects","","","mcp-list-assets","loaded-registry-listed"
"Bridge Broken 03","res://textures/objects/structures/bridges/bridge_broken_03.png","object","place_object","dungeondraft-built-in","Objects","","","mcp-list-assets","loaded-registry-listed"
"Bridge Broken 04","res://textures/objects/structures/bridges/bridge_broken_04.png","object","place_object","dungeondraft-built-in","Objects","","","mcp-list-assets","loaded-registry-listed"
"Small Bridge 01","res://textures/objects/structures/bridges/small_bridge_01.png","object","place_object","dungeondraft-built-in","Objects","","","mcp-list-assets","loaded-registry-listed"
"Chimney 01","res://textures/objects/structures/chimneys/chimney_01.png","object","place_object","dungeondraft-built-in","Objects","","","mcp-list-assets","loaded-registry-listed"
"Chimney 02","res://textures/objects/structures/chimneys/chimney_02.png","object","place_object","dungeondraft-built-in","Objects","","","mcp-list-assets","loaded-registry-listed"
"Chimney 03","res://textures/objects/structures/chimneys/chimney_03.png","object","place_object","dungeondraft-built-in","Objects","","","mcp-list-assets","loaded-registry-listed"
"Chimney 04","res://textures/objects/structures/chimneys/chimney_04.png","object","place_object","dungeondraft-built-in","Objects","","","mcp-list-assets","loaded-registry-listed"
"Chimney 05","res://textures/objects/structures/chimneys/chimney_05.png","object","place_object","dungeondraft-built-in","Objects","","","mcp-list-assets","loaded-registry-listed"
"Chimney 06","res://textures/objects/structures/chimneys/chimney_06.png","object","place_object","dungeondraft-built-in","Objects","","","mcp-list-assets","loaded-registry-listed"
"Door 00","res://textures/objects/structures/doors/door_00.png","object","place_object","dungeondraft-built-in","Objects","","","mcp-list-assets","loaded-registry-listed"
"Door 01","res://textures/objects/structures/doors/door_01.png","object","place_object","dungeondraft-built-in","Objects","","","mcp-list-assets","loaded-registry-listed"
"Door 02","res://textures/objects/structures/doors/door_02.png","object","place_object","dungeondraft-built-in","Objects","","","mcp-list-assets","loaded-registry-listed"
"Door 03","res://textures/objects/structures/doors/door_03.png","object","place_object","dungeondraft-built-in","Objects","","","mcp-list-assets","loaded-registry-listed"
"Door 04","res://textures/objects/structures/doors/door_04.png","object","place_object","dungeondraft-built-in","Objects","","","mcp-list-assets","loaded-registry-listed"
"Door 05","res://textures/objects/structures/doors/door_05.png","object","place_object","dungeondraft-built-in","Objects","","","mcp-list-assets","loaded-registry-listed"
"Door 06","res://textures/objects/structures/doors/door_06.png","object","place_object","dungeondraft-built-in","Objects","","","mcp-list-assets","loaded-registry-listed"
"Door 07","res://textures/objects/structures/doors/door_07.png","object","place_object","dungeondraft-built-in","Objects","","","mcp-list-assets","loaded-registry-listed"
"Door 08","res://textures/objects/structures/doors/door_08.png","object","place_object","dungeondraft-built-in","Objects","","","mcp-list-assets","loaded-registry-listed"
"Door 09","res://textures/objects/structures/doors/door_09.png","object","place_object","dungeondraft-built-in","Objects","","","mcp-list-assets","loaded-registry-listed"
"Door 10","res://textures/objects/structures/doors/door_10.png","object","place_object","dungeondraft-built-in","Objects","","","mcp-list-assets","loaded-registry-listed"
"Door 11","res://textures/objects/structures/doors/door_11.png","object","place_object","dungeondraft-built-in","Objects","","","mcp-list-assets","loaded-registry-listed"
"Door 12","res://textures/objects/structures/doors/door_12.png","object","place_object","dungeondraft-built-in","Objects","","","mcp-list-assets","loaded-registry-listed"
"Door 13","res://textures/objects/structures/doors/door_13.png","object","place_object","dungeondraft-built-in","Objects","","","mcp-list-assets","loaded-registry-listed"
"Door 16","res://textures/objects/structures/doors/door_16.png","object","place_object","dungeondraft-built-in","Objects","","","mcp-list-assets","loaded-registry-listed"
"Door 17","res://textures/objects/structures/doors/door_17.png","object","place_object","dungeondraft-built-in","Objects","","","mcp-list-assets","loaded-registry-listed"
"Door 18","res://textures/objects/structures/doors/door_18.png","object","place_object","dungeondraft-built-in","Objects","","","mcp-list-assets","loaded-registry-listed"
"Door 19","res://textures/objects/structures/doors/door_19.png","object","place_object","dungeondraft-built-in","Objects","","","mcp-list-assets","loaded-registry-listed"
"Door 20","res://textures/objects/structures/doors/door_20.png","object","place_object","dungeondraft-built-in","Objects","","","mcp-list-assets","loaded-registry-listed"
"Door 21","res://textures/objects/structures/doors/door_21.png","object","place_object","dungeondraft-built-in","Objects","","","mcp-list-assets","loaded-registry-listed"
"Fallen Door 01","res://textures/objects/structures/doors/fallen_door_01.png","object","place_object","dungeondraft-built-in","Objects","","","mcp-list-assets","loaded-registry-listed"
"Fallen Door 02","res://textures/objects/structures/doors/fallen_door_02.png","object","place_object","dungeondraft-built-in","Objects","","","mcp-list-assets","loaded-registry-listed"
"Fallen Door 03","res://textures/objects/structures/doors/fallen_door_03.png","object","place_object","dungeondraft-built-in","Objects","","","mcp-list-assets","loaded-registry-listed"
"Fallen Door 04","res://textures/objects/structures/doors/fallen_door_04.png","object","place_object","dungeondraft-built-in","Objects","","","mcp-list-assets","loaded-registry-listed"
"Fallen Door 05","res://textures/objects/structures/doors/fallen_door_05.png","object","place_object","dungeondraft-built-in","Objects","","","mcp-list-assets","loaded-registry-listed"
"Fallen Door 06","res://textures/objects/structures/doors/fallen_door_06.png","object","place_object","dungeondraft-built-in","Objects","","","mcp-list-assets","loaded-registry-listed"
"Fallen Door 07","res://textures/objects/structures/doors/fallen_door_07.png","object","place_object","dungeondraft-built-in","Objects","","","mcp-list-assets","loaded-registry-listed"
"Fallen Door 08","res://textures/objects/structures/doors/fallen_door_08.png","object","place_object","dungeondraft-built-in","Objects","","","mcp-list-assets","loaded-registry-listed"
"Fallen Door 09","res://textures/objects/structures/doors/fallen_door_09.png","object","place_object","dungeondraft-built-in","Objects","","","mcp-list-assets","loaded-registry-listed"
"Fallen Door 10","res://textures/objects/structures/doors/fallen_door_10.png","object","place_object","dungeondraft-built-in","Objects","","","mcp-list-assets","loaded-registry-listed"
"Fallen Door 11","res://textures/objects/structures/doors/fallen_door_11.png","object","place_object","dungeondraft-built-in","Objects","","","mcp-list-assets","loaded-registry-listed"
"Fallen Door 12","res://textures/objects/structures/doors/fallen_door_12.png","object","place_object","dungeondraft-built-in","Objects","","","mcp-list-assets","loaded-registry-listed"
"Fallen Door 13","res://textures/objects/structures/doors/fallen_door_13.png","object","place_object","dungeondraft-built-in","Objects","","","mcp-list-assets","loaded-registry-listed"
"Fallen Door 14","res://textures/objects/structures/doors/fallen_door_14.png","object","place_object","dungeondraft-built-in","Objects","","","mcp-list-assets","loaded-registry-listed"
"Portcullis 01","res://textures/objects/structures/doors/portcullis_01.png","object","place_object","dungeondraft-built-in","Objects","","","mcp-list-assets","loaded-registry-listed"
"Portcullis 02","res://textures/objects/structures/doors/portcullis_02.png","object","place_object","dungeondraft-built-in","Objects","","","mcp-list-assets","loaded-registry-listed"
"Threshold 01","res://textures/objects/structures/doors/threshold_01.png","object","place_object","dungeondraft-built-in","Objects","","","mcp-list-assets","loaded-registry-listed"
"Birdbath 01","res://textures/objects/structures/fountains/birdbath_01.png","object","place_object","dungeondraft-built-in","Objects","","","mcp-list-assets","loaded-registry-listed"
"Birdbath 02","res://textures/objects/structures/fountains/birdbath_02.png","object","place_object","dungeondraft-built-in","Objects","","","mcp-list-assets","loaded-registry-listed"
"Birdbath 03","res://textures/objects/structures/fountains/birdbath_03.png","object","place_object","dungeondraft-built-in","Objects","","","mcp-list-assets","loaded-registry-listed"
"Fountain 01","res://textures/objects/structures/fountains/fountain_01.png","object","place_object","dungeondraft-built-in","Objects","","","mcp-list-assets","loaded-registry-listed"
"Fountain 02","res://textures/objects/structures/fountains/fountain_02.png","object","place_object","dungeondraft-built-in","Objects","","","mcp-list-assets","loaded-registry-listed"
"Fountain 03","res://textures/objects/structures/fountains/fountain_03.png","object","place_object","dungeondraft-built-in","Objects","","","mcp-list-assets","loaded-registry-listed"
"Fountain 04","res://textures/objects/structures/fountains/fountain_04.png","object","place_object","dungeondraft-built-in","Objects","","","mcp-list-assets","loaded-registry-listed"
"Fountain 05","res://textures/objects/structures/fountains/fountain_05.png","object","place_object","dungeondraft-built-in","Objects","","","mcp-list-assets","loaded-registry-listed"
"Fountain 06","res://textures/objects/structures/fountains/fountain_06.png","object","place_object","dungeondraft-built-in","Objects","","","mcp-list-assets","loaded-registry-listed"
"Fountain 07","res://textures/objects/structures/fountains/fountain_07.png","object","place_object","dungeondraft-built-in","Objects","","","mcp-list-assets","loaded-registry-listed"
"Fountain 08","res://textures/objects/structures/fountains/fountain_08.png","object","place_object","dungeondraft-built-in","Objects","","","mcp-list-assets","loaded-registry-listed"
"Fountain 09","res://textures/objects/structures/fountains/fountain_09.png","object","place_object","dungeondraft-built-in","Objects","","","mcp-list-assets","loaded-registry-listed"
"Flower Bed 01","res://textures/objects/structures/garden/flower_bed_01.png","object","place_object","dungeondraft-built-in","Objects","","","mcp-list-assets","loaded-registry-listed"
"Flower Bed 02","res://textures/objects/structures/garden/flower_bed_02.png","object","place_object","dungeondraft-built-in","Objects","","","mcp-list-assets","loaded-registry-listed"
"Flower Bed 03","res://textures/objects/structures/garden/flower_bed_03.png","object","place_object","dungeondraft-built-in","Objects","","","mcp-list-assets","loaded-registry-listed"
"Ladder 01","res://textures/objects/structures/ladders/ladder_01.png","object","place_object","dungeondraft-built-in","Objects","","","mcp-list-assets","loaded-registry-listed"
"Ladder 02","res://textures/objects/structures/ladders/ladder_02.png","object","place_object","dungeondraft-built-in","Objects","","","mcp-list-assets","loaded-registry-listed"
"Ladder 03","res://textures/objects/structures/ladders/ladder_03.png","object","place_object","dungeondraft-built-in","Objects","","","mcp-list-assets","loaded-registry-listed"
"Ladder 04","res://textures/objects/structures/ladders/ladder_04.png","object","place_object","dungeondraft-built-in","Objects","","","mcp-list-assets","loaded-registry-listed"
"Ladder 05","res://textures/objects/structures/ladders/ladder_05.png","object","place_object","dungeondraft-built-in","Objects","","","mcp-list-assets","loaded-registry-listed"
"Pillar Stone 23","res://textures/objects/structures/pillars/pillar_stone_23.png","object","place_object","dungeondraft-built-in","Objects","","","mcp-list-assets","loaded-registry-listed"
"Pillar Stone 24","res://textures/objects/structures/pillars/pillar_stone_24.png","object","place_object","dungeondraft-built-in","Objects","","","mcp-list-assets","loaded-registry-listed"
"Pillar Stone 25","res://textures/objects/structures/pillars/pillar_stone_25.png","object","place_object","dungeondraft-built-in","Objects","","","mcp-list-assets","loaded-registry-listed"
"Pillar Stone 26","res://textures/objects/structures/pillars/pillar_stone_26.png","object","place_object","dungeondraft-built-in","Objects","","","mcp-list-assets","loaded-registry-listed"
"Pillar Stone 27","res://textures/objects/structures/pillars/pillar_stone_27.png","object","place_object","dungeondraft-built-in","Objects","","","mcp-list-assets","loaded-registry-listed"
"Pillar Stone 28","res://textures/objects/structures/pillars/pillar_stone_28.png","object","place_object","dungeondraft-built-in","Objects","","","mcp-list-assets","loaded-registry-listed"
"Pillar Stone 29","res://textures/objects/structures/pillars/pillar_stone_29.png","object","place_object","dungeondraft-built-in","Objects","","","mcp-list-assets","loaded-registry-listed"
"Pillar Stone 30","res://textures/objects/structures/pillars/pillar_stone_30.png","object","place_object","dungeondraft-built-in","Objects","","","mcp-list-assets","loaded-registry-listed"
"Pillar Stone 31","res://textures/objects/structures/pillars/pillar_stone_31.png","object","place_object","dungeondraft-built-in","Objects","","","mcp-list-assets","loaded-registry-listed"
"Pillar Stone 32","res://textures/objects/structures/pillars/pillar_stone_32.png","object","place_object","dungeondraft-built-in","Objects","","","mcp-list-assets","loaded-registry-listed"
"Pillar Stone 33","res://textures/objects/structures/pillars/pillar_stone_33.png","object","place_object","dungeondraft-built-in","Objects","","","mcp-list-assets","loaded-registry-listed"
"Pillar Stone 34","res://textures/objects/structures/pillars/pillar_stone_34.png","object","place_object","dungeondraft-built-in","Objects","","","mcp-list-assets","loaded-registry-listed"
"Pillar Stone 35","res://textures/objects/structures/pillars/pillar_stone_35.png","object","place_object","dungeondraft-built-in","Objects","","","mcp-list-assets","loaded-registry-listed"
"Pillar Stone 36","res://textures/objects/structures/pillars/pillar_stone_36.png","object","place_object","dungeondraft-built-in","Objects","","","mcp-list-assets","loaded-registry-listed"
"Pillar Stone 37","res://textures/objects/structures/pillars/pillar_stone_37.png","object","place_object","dungeondraft-built-in","Objects","","","mcp-list-assets","loaded-registry-listed"
"Pillar Stone 38","res://textures/objects/structures/pillars/pillar_stone_38.png","object","place_object","dungeondraft-built-in","Objects","","","mcp-list-assets","loaded-registry-listed"
"Pillar Stone 39","res://textures/objects/structures/pillars/pillar_stone_39.png","object","place_object","dungeondraft-built-in","Objects","","","mcp-list-assets","loaded-registry-listed"
"Pillar Stone 40","res://textures/objects/structures/pillars/pillar_stone_40.png","object","place_object","dungeondraft-built-in","Objects","","","mcp-list-assets","loaded-registry-listed"
"Pillar Stone 41","res://textures/objects/structures/pillars/pillar_stone_41.png","object","place_object","dungeondraft-built-in","Objects","","","mcp-list-assets","loaded-registry-listed"
"Pillar Stone 42","res://textures/objects/structures/pillars/pillar_stone_42.png","object","place_object","dungeondraft-built-in","Objects","","","mcp-list-assets","loaded-registry-listed"
"Pillar Wood 01","res://textures/objects/structures/pillars/pillar_wood_01.png","object","place_object","dungeondraft-built-in","Objects","","","mcp-list-assets","loaded-registry-listed"
"Pillar Wood 02","res://textures/objects/structures/pillars/pillar_wood_02.png","object","place_object","dungeondraft-built-in","Objects","","","mcp-list-assets","loaded-registry-listed"
"Pillar Wood 03","res://textures/objects/structures/pillars/pillar_wood_03.png","object","place_object","dungeondraft-built-in","Objects","","","mcp-list-assets","loaded-registry-listed"
"Pillar Wood 04","res://textures/objects/structures/pillars/pillar_wood_04.png","object","place_object","dungeondraft-built-in","Objects","","","mcp-list-assets","loaded-registry-listed"
"Pillar Wood 05","res://textures/objects/structures/pillars/pillar_wood_05.png","object","place_object","dungeondraft-built-in","Objects","","","mcp-list-assets","loaded-registry-listed"
"Pillar Wood 06","res://textures/objects/structures/pillars/pillar_wood_06.png","object","place_object","dungeondraft-built-in","Objects","","","mcp-list-assets","loaded-registry-listed"
"Pillar Wood 07","res://textures/objects/structures/pillars/pillar_wood_07.png","object","place_object","dungeondraft-built-in","Objects","","","mcp-list-assets","loaded-registry-listed"
"Pillar Wood 08","res://textures/objects/structures/pillars/pillar_wood_08.png","object","place_object","dungeondraft-built-in","Objects","","","mcp-list-assets","loaded-registry-listed"
"Pillar Wood 09","res://textures/objects/structures/pillars/pillar_wood_09.png","object","place_object","dungeondraft-built-in","Objects","","","mcp-list-assets","loaded-registry-listed"
"Pillar Wood 10","res://textures/objects/structures/pillars/pillar_wood_10.png","object","place_object","dungeondraft-built-in","Objects","","","mcp-list-assets","loaded-registry-listed"
"Pillar Wood 11","res://textures/objects/structures/pillars/pillar_wood_11.png","object","place_object","dungeondraft-built-in","Objects","","","mcp-list-assets","loaded-registry-listed"
"Pillar Wood 12","res://textures/objects/structures/pillars/pillar_wood_12.png","object","place_object","dungeondraft-built-in","Objects","","","mcp-list-assets","loaded-registry-listed"
"Pillar Wood 13","res://textures/objects/structures/pillars/pillar_wood_13.png","object","place_object","dungeondraft-built-in","Objects","","","mcp-list-assets","loaded-registry-listed"
"Pillar Wood 14","res://textures/objects/structures/pillars/pillar_wood_14.png","object","place_object","dungeondraft-built-in","Objects","","","mcp-list-assets","loaded-registry-listed"
"Pillar Wood 15","res://textures/objects/structures/pillars/pillar_wood_15.png","object","place_object","dungeondraft-built-in","Objects","","","mcp-list-assets","loaded-registry-listed"
"Pillar Wood 16","res://textures/objects/structures/pillars/pillar_wood_16.png","object","place_object","dungeondraft-built-in","Objects","","","mcp-list-assets","loaded-registry-listed"
"Pillar Wood 17","res://textures/objects/structures/pillars/pillar_wood_17.png","object","place_object","dungeondraft-built-in","Objects","","","mcp-list-assets","loaded-registry-listed"
"Pillar Wood 18","res://textures/objects/structures/pillars/pillar_wood_18.png","object","place_object","dungeondraft-built-in","Objects","","","mcp-list-assets","loaded-registry-listed"
"Pillar Wood 19","res://textures/objects/structures/pillars/pillar_wood_19.png","object","place_object","dungeondraft-built-in","Objects","","","mcp-list-assets","loaded-registry-listed"
"Pillar Wood 20","res://textures/objects/structures/pillars/pillar_wood_20.png","object","place_object","dungeondraft-built-in","Objects","","","mcp-list-assets","loaded-registry-listed"
"Pillar Wood 21","res://textures/objects/structures/pillars/pillar_wood_21.png","object","place_object","dungeondraft-built-in","Objects","","","mcp-list-assets","loaded-registry-listed"
"Pillar Wood 22","res://textures/objects/structures/pillars/pillar_wood_22.png","object","place_object","dungeondraft-built-in","Objects","","","mcp-list-assets","loaded-registry-listed"
"Small Steps 01","res://textures/objects/structures/stairs/small_steps_01.png","object","place_object","dungeondraft-built-in","Objects","","","mcp-list-assets","loaded-registry-listed"
"Stairs 09","res://textures/objects/structures/stairs/stairs_09.png","object","place_object","dungeondraft-built-in","Objects","","","mcp-list-assets","loaded-registry-listed"
"Stairs 10","res://textures/objects/structures/stairs/stairs_10.png","object","place_object","dungeondraft-built-in","Objects","","","mcp-list-assets","loaded-registry-listed"
"Stairs 11","res://textures/objects/structures/stairs/stairs_11.png","object","place_object","dungeondraft-built-in","Objects","","","mcp-list-assets","loaded-registry-listed"
"Stairs 12","res://textures/objects/structures/stairs/stairs_12.png","object","place_object","dungeondraft-built-in","Objects","","","mcp-list-assets","loaded-registry-listed"
"Stairs 13","res://textures/objects/structures/stairs/stairs_13.png","object","place_object","dungeondraft-built-in","Objects","","","mcp-list-assets","loaded-registry-listed"
"Stairs 14","res://textures/objects/structures/stairs/stairs_14.png","object","place_object","dungeondraft-built-in","Objects","","","mcp-list-assets","loaded-registry-listed"
"Stairs Down 01","res://textures/objects/structures/stairs/stairs_down_01.png","object","place_object","dungeondraft-built-in","Objects","","","mcp-list-assets","loaded-registry-listed"
"Stairs Down 02","res://textures/objects/structures/stairs/stairs_down_02.png","object","place_object","dungeondraft-built-in","Objects","","","mcp-list-assets","loaded-registry-listed"
"Stairs End 01","res://textures/objects/structures/stairs/stairs_end_01.png","object","place_object","dungeondraft-built-in","Objects","","","mcp-list-assets","loaded-registry-listed"
"Stairs End 02","res://textures/objects/structures/stairs/stairs_end_02.png","object","place_object","dungeondraft-built-in","Objects","","","mcp-list-assets","loaded-registry-listed"
"Stairs End 03","res://textures/objects/structures/stairs/stairs_end_03.png","object","place_object","dungeondraft-built-in","Objects","","","mcp-list-assets","loaded-registry-listed"
"Stairs End 04","res://textures/objects/structures/stairs/stairs_end_04.png","object","place_object","dungeondraft-built-in","Objects","","","mcp-list-assets","loaded-registry-listed"
"Stairs Round 03","res://textures/objects/structures/stairs/stairs_round_03.png","object","place_object","dungeondraft-built-in","Objects","","","mcp-list-assets","loaded-registry-listed"
"Stairs Round 04","res://textures/objects/structures/stairs/stairs_round_04.png","object","place_object","dungeondraft-built-in","Objects","","","mcp-list-assets","loaded-registry-listed"
"Stairs Round 05","res://textures/objects/structures/stairs/stairs_round_05.png","object","place_object","dungeondraft-built-in","Objects","","","mcp-list-assets","loaded-registry-listed"
"Stairs Round 06","res://textures/objects/structures/stairs/stairs_round_06.png","object","place_object","dungeondraft-built-in","Objects","","","mcp-list-assets","loaded-registry-listed"
"Stairs Round 07","res://textures/objects/structures/stairs/stairs_round_07.png","object","place_object","dungeondraft-built-in","Objects","","","mcp-list-assets","loaded-registry-listed"
"Stairs Round 08","res://textures/objects/structures/stairs/stairs_round_08.png","object","place_object","dungeondraft-built-in","Objects","","","mcp-list-assets","loaded-registry-listed"
"Stairs Round 09","res://textures/objects/structures/stairs/stairs_round_09.png","object","place_object","dungeondraft-built-in","Objects","","","mcp-list-assets","loaded-registry-listed"
"Stairs Round 10","res://textures/objects/structures/stairs/stairs_round_10.png","object","place_object","dungeondraft-built-in","Objects","","","mcp-list-assets","loaded-registry-listed"
"Stairs Square 05","res://textures/objects/structures/stairs/stairs_square_05.png","object","place_object","dungeondraft-built-in","Objects","","","mcp-list-assets","loaded-registry-listed"
"Stairs Square 06","res://textures/objects/structures/stairs/stairs_square_06.png","object","place_object","dungeondraft-built-in","Objects","","","mcp-list-assets","loaded-registry-listed"
"Stairs Square 07","res://textures/objects/structures/stairs/stairs_square_07.png","object","place_object","dungeondraft-built-in","Objects","","","mcp-list-assets","loaded-registry-listed"
"Stairs Square 08","res://textures/objects/structures/stairs/stairs_square_08.png","object","place_object","dungeondraft-built-in","Objects","","","mcp-list-assets","loaded-registry-listed"
"Stairs Up 01","res://textures/objects/structures/stairs/stairs_up_01.png","object","place_object","dungeondraft-built-in","Objects","","","mcp-list-assets","loaded-registry-listed"
"Stairs Up 02","res://textures/objects/structures/stairs/stairs_up_02.png","object","place_object","dungeondraft-built-in","Objects","","","mcp-list-assets","loaded-registry-listed"
"Stairs Up 03","res://textures/objects/structures/stairs/stairs_up_03.png","object","place_object","dungeondraft-built-in","Objects","","","mcp-list-assets","loaded-registry-listed"
"Stairs Up 04","res://textures/objects/structures/stairs/stairs_up_04.png","object","place_object","dungeondraft-built-in","Objects","","","mcp-list-assets","loaded-registry-listed"
"Sundial 01","res://textures/objects/structures/sundials/sundial_01.png","object","place_object","dungeondraft-built-in","Objects","","","mcp-list-assets","loaded-registry-listed"
"Sundial 02","res://textures/objects/structures/sundials/sundial_02.png","object","place_object","dungeondraft-built-in","Objects","","","mcp-list-assets","loaded-registry-listed"
"Sundial 03","res://textures/objects/structures/sundials/sundial_03.png","object","place_object","dungeondraft-built-in","Objects","","","mcp-list-assets","loaded-registry-listed"
"Sundial 04","res://textures/objects/structures/sundials/sundial_04.png","object","place_object","dungeondraft-built-in","Objects","","","mcp-list-assets","loaded-registry-listed"
"Sundial 05","res://textures/objects/structures/sundials/sundial_05.png","object","place_object","dungeondraft-built-in","Objects","","","mcp-list-assets","loaded-registry-listed"
"Window 01","res://textures/objects/structures/windows/window_01.png","object","place_object","dungeondraft-built-in","Objects","","","mcp-list-assets","loaded-registry-listed"
"Window 02","res://textures/objects/structures/windows/window_02.png","object","place_object","dungeondraft-built-in","Objects","","","mcp-list-assets","loaded-registry-listed"
"Window 03","res://textures/objects/structures/windows/window_03.png","object","place_object","dungeondraft-built-in","Objects","","","mcp-list-assets","loaded-registry-listed"
"Window 04","res://textures/objects/structures/windows/window_04.png","object","place_object","dungeondraft-built-in","Objects","","","mcp-list-assets","loaded-registry-listed"
"Window 05","res://textures/objects/structures/windows/window_05.png","object","place_object","dungeondraft-built-in","Objects","","","mcp-list-assets","loaded-registry-listed"
"Window 06","res://textures/objects/structures/windows/window_06.png","object","place_object","dungeondraft-built-in","Objects","","","mcp-list-assets","loaded-registry-listed"
"Window 07","res://textures/objects/structures/windows/window_07.png","object","place_object","dungeondraft-built-in","Objects","","","mcp-list-assets","loaded-registry-listed"
"Window 08","res://textures/objects/structures/windows/window_08.png","object","place_object","dungeondraft-built-in","Objects","","","mcp-list-assets","loaded-registry-listed"
"Window 09","res://textures/objects/structures/windows/window_09.png","object","place_object","dungeondraft-built-in","Objects","","","mcp-list-assets","loaded-registry-listed"
"Window 10","res://textures/objects/structures/windows/window_10.png","object","place_object","dungeondraft-built-in","Objects","","","mcp-list-assets","loaded-registry-listed"
"Window 11","res://textures/objects/structures/windows/window_11.png","object","place_object","dungeondraft-built-in","Objects","","","mcp-list-assets","loaded-registry-listed"
"Window 12","res://textures/objects/structures/windows/window_12.png","object","place_object","dungeondraft-built-in","Objects","","","mcp-list-assets","loaded-registry-listed"
"Window 13","res://textures/objects/structures/windows/window_13.png","object","place_object","dungeondraft-built-in","Objects","","","mcp-list-assets","loaded-registry-listed"
"Window 14","res://textures/objects/structures/windows/window_14.png","object","place_object","dungeondraft-built-in","Objects","","","mcp-list-assets","loaded-registry-listed"
"Window 15","res://textures/objects/structures/windows/window_15.png","object","place_object","dungeondraft-built-in","Objects","","","mcp-list-assets","loaded-registry-listed"
"Window 15 Roof","res://textures/objects/structures/windows/window_15_roof.png","object","place_object","dungeondraft-built-in","Objects","","","mcp-list-assets","loaded-registry-listed"
"Window 16","res://textures/objects/structures/windows/window_16.png","object","place_object","dungeondraft-built-in","Objects","","","mcp-list-assets","loaded-registry-listed"
"Window 16 Roof Stainedglass","res://textures/objects/structures/windows/window_16_roof_stainedglass.png","object","place_object","dungeondraft-built-in","Objects","","","mcp-list-assets","loaded-registry-listed"
"Window 17 Roof","res://textures/objects/structures/windows/window_17_roof.png","object","place_object","dungeondraft-built-in","Objects","","","mcp-list-assets","loaded-registry-listed"
"Window 18 Roof","res://textures/objects/structures/windows/window_18_roof.png","object","place_object","dungeondraft-built-in","Objects","","","mcp-list-assets","loaded-registry-listed"
"Window 19 Broken","res://textures/objects/structures/windows/window_19_broken.png","object","place_object","dungeondraft-built-in","Objects","","","mcp-list-assets","loaded-registry-listed"
"Window 20 Broken","res://textures/objects/structures/windows/window_20_broken.png","object","place_object","dungeondraft-built-in","Objects","","","mcp-list-assets","loaded-registry-listed"
"Bucket","res://textures/objects/structures/bucket.png","object","place_object","dungeondraft-built-in","Objects","","","mcp-list-assets","loaded-registry-listed"
"Fireplace 01","res://textures/objects/structures/fireplace_01.png","object","place_object","dungeondraft-built-in","Objects","","","mcp-list-assets","loaded-registry-listed"
"Fireplace 02","res://textures/objects/structures/fireplace_02.png","object","place_object","dungeondraft-built-in","Objects","","","mcp-list-assets","loaded-registry-listed"
"Fireplace 03","res://textures/objects/structures/fireplace_03.png","object","place_object","dungeondraft-built-in","Objects","","","mcp-list-assets","loaded-registry-listed"
"Fireplace 04","res://textures/objects/structures/fireplace_04.png","object","place_object","dungeondraft-built-in","Objects","","","mcp-list-assets","loaded-registry-listed"
"Flag Stand 01","res://textures/objects/structures/flag_stand_01.png","object","place_object","dungeondraft-built-in","Objects","","","mcp-list-assets","loaded-registry-listed"
"Flag Stand 02","res://textures/objects/structures/flag_stand_02.png","object","place_object","dungeondraft-built-in","Objects","","","mcp-list-assets","loaded-registry-listed"
"Flag Stand 03","res://textures/objects/structures/flag_stand_03.png","object","place_object","dungeondraft-built-in","Objects","","","mcp-list-assets","loaded-registry-listed"
"Flag Stand 04","res://textures/objects/structures/flag_stand_04.png","object","place_object","dungeondraft-built-in","Objects","","","mcp-list-assets","loaded-registry-listed"
"Flag Stand 05","res://textures/objects/structures/flag_stand_05.png","object","place_object","dungeondraft-built-in","Objects","","","mcp-list-assets","loaded-registry-listed"
"Road Sign 01","res://textures/objects/structures/road_sign_01.png","object","place_object","dungeondraft-built-in","Objects","","","mcp-list-assets","loaded-registry-listed"
"Road Sign 02","res://textures/objects/structures/road_sign_02.png","object","place_object","dungeondraft-built-in","Objects","","","mcp-list-assets","loaded-registry-listed"
"Road Sign 03","res://textures/objects/structures/road_sign_03.png","object","place_object","dungeondraft-built-in","Objects","","","mcp-list-assets","loaded-registry-listed"
"Road Sign 04","res://textures/objects/structures/road_sign_04.png","object","place_object","dungeondraft-built-in","Objects","","","mcp-list-assets","loaded-registry-listed"
"Trap Door 01","res://textures/objects/structures/trap_door_01.png","object","place_object","dungeondraft-built-in","Objects","","","mcp-list-assets","loaded-registry-listed"
"Trap Door 02","res://textures/objects/structures/trap_door_02.png","object","place_object","dungeondraft-built-in","Objects","","","mcp-list-assets","loaded-registry-listed"
"Well 01","res://textures/objects/structures/well_01.png","object","place_object","dungeondraft-built-in","Objects","","","mcp-list-assets","loaded-registry-listed"
"Well 02","res://textures/objects/structures/well_02.png","object","place_object","dungeondraft-built-in","Objects","","","mcp-list-assets","loaded-registry-listed"
"Barrel 01","res://textures/objects/supplies/barrels/barrel_01.png","object","place_object","dungeondraft-built-in","Objects","","","mcp-list-assets","loaded-registry-listed"
"Barrel 02","res://textures/objects/supplies/barrels/barrel_02.png","object","place_object","dungeondraft-built-in","Objects","","","mcp-list-assets","loaded-registry-listed"
"Barrel 03","res://textures/objects/supplies/barrels/barrel_03.png","object","place_object","dungeondraft-built-in","Objects","","","mcp-list-assets","loaded-registry-listed"
"Barrel 04","res://textures/objects/supplies/barrels/barrel_04.png","object","place_object","dungeondraft-built-in","Objects","","","mcp-list-assets","loaded-registry-listed"
"Barrel 05","res://textures/objects/supplies/barrels/barrel_05.png","object","place_object","dungeondraft-built-in","Objects","","","mcp-list-assets","loaded-registry-listed"
"Giant Barrel 01","res://textures/objects/supplies/barrels/giant_barrel_01.png","object","place_object","dungeondraft-built-in","Objects","","","mcp-list-assets","loaded-registry-listed"
"Giant Barrel 02","res://textures/objects/supplies/barrels/giant_barrel_02.png","object","place_object","dungeondraft-built-in","Objects","","","mcp-list-assets","loaded-registry-listed"
"Giant Barrel 03","res://textures/objects/supplies/barrels/giant_barrel_03.png","object","place_object","dungeondraft-built-in","Objects","","","mcp-list-assets","loaded-registry-listed"
"Cage 03","res://textures/objects/supplies/cages/cage_03.png","object","place_object","dungeondraft-built-in","Objects","","","mcp-list-assets","loaded-registry-listed"
"Cage 04","res://textures/objects/supplies/cages/cage_04.png","object","place_object","dungeondraft-built-in","Objects","","","mcp-list-assets","loaded-registry-listed"
"Cage 05","res://textures/objects/supplies/cages/cage_05.png","object","place_object","dungeondraft-built-in","Objects","","","mcp-list-assets","loaded-registry-listed"
"Cage 06","res://textures/objects/supplies/cages/cage_06.png","object","place_object","dungeondraft-built-in","Objects","","","mcp-list-assets","loaded-registry-listed"
"Cage 07","res://textures/objects/supplies/cages/cage_07.png","object","place_object","dungeondraft-built-in","Objects","","","mcp-list-assets","loaded-registry-listed"
"Cage 08","res://textures/objects/supplies/cages/cage_08.png","object","place_object","dungeondraft-built-in","Objects","","","mcp-list-assets","loaded-registry-listed"
"Cage 09","res://textures/objects/supplies/cages/cage_09.png","object","place_object","dungeondraft-built-in","Objects","","","mcp-list-assets","loaded-registry-listed"
"Cage Dog Kennel 01","res://textures/objects/supplies/cages/cage_dog_kennel_01.png","object","place_object","dungeondraft-built-in","Objects","","","mcp-list-assets","loaded-registry-listed"
"Cage Dog Kennel 02","res://textures/objects/supplies/cages/cage_dog_kennel_02.png","object","place_object","dungeondraft-built-in","Objects","","","mcp-list-assets","loaded-registry-listed"
"Crate 01","res://textures/objects/supplies/crates/crate_01.png","object","place_object","dungeondraft-built-in","Objects","","","mcp-list-assets","loaded-registry-listed"
"Crate 02","res://textures/objects/supplies/crates/crate_02.png","object","place_object","dungeondraft-built-in","Objects","","","mcp-list-assets","loaded-registry-listed"
"Crate 03","res://textures/objects/supplies/crates/crate_03.png","object","place_object","dungeondraft-built-in","Objects","","","mcp-list-assets","loaded-registry-listed"
"Crate 04","res://textures/objects/supplies/crates/crate_04.png","object","place_object","dungeondraft-built-in","Objects","","","mcp-list-assets","loaded-registry-listed"
"Fruit Box 01","res://textures/objects/supplies/crates/fruit_box_01.png","object","place_object","dungeondraft-built-in","Objects","","","mcp-list-assets","loaded-registry-listed"
"Fruit Box 02","res://textures/objects/supplies/crates/fruit_box_02.png","object","place_object","dungeondraft-built-in","Objects","","","mcp-list-assets","loaded-registry-listed"
"Fruit Box 03","res://textures/objects/supplies/crates/fruit_box_03.png","object","place_object","dungeondraft-built-in","Objects","","","mcp-list-assets","loaded-registry-listed"
"Fruit Box 04","res://textures/objects/supplies/crates/fruit_box_04.png","object","place_object","dungeondraft-built-in","Objects","","","mcp-list-assets","loaded-registry-listed"
"Fruit Box 05","res://textures/objects/supplies/crates/fruit_box_05.png","object","place_object","dungeondraft-built-in","Objects","","","mcp-list-assets","loaded-registry-listed"
"Fruit Box 06","res://textures/objects/supplies/crates/fruit_box_06.png","object","place_object","dungeondraft-built-in","Objects","","","mcp-list-assets","loaded-registry-listed"
"Grain Sack 01","res://textures/objects/supplies/sacks/grain-sack_01.png","object","place_object","dungeondraft-built-in","Objects","","","mcp-list-assets","loaded-registry-listed"
"Grain Sack 02","res://textures/objects/supplies/sacks/grain-sack_02.png","object","place_object","dungeondraft-built-in","Objects","","","mcp-list-assets","loaded-registry-listed"
"Sack 01","res://textures/objects/supplies/sacks/sack_01.png","object","place_object","dungeondraft-built-in","Objects","","","mcp-list-assets","loaded-registry-listed"
"Sack 02","res://textures/objects/supplies/sacks/sack_02.png","object","place_object","dungeondraft-built-in","Objects","","","mcp-list-assets","loaded-registry-listed"
"Sack 03","res://textures/objects/supplies/sacks/sack_03.png","object","place_object","dungeondraft-built-in","Objects","","","mcp-list-assets","loaded-registry-listed"
"Sack 04","res://textures/objects/supplies/sacks/sack_04.png","object","place_object","dungeondraft-built-in","Objects","","","mcp-list-assets","loaded-registry-listed"
"Sack 05","res://textures/objects/supplies/sacks/sack_05.png","object","place_object","dungeondraft-built-in","Objects","","","mcp-list-assets","loaded-registry-listed"
"Sack 06","res://textures/objects/supplies/sacks/sack_06.png","object","place_object","dungeondraft-built-in","Objects","","","mcp-list-assets","loaded-registry-listed"
"Sack 07","res://textures/objects/supplies/sacks/sack_07.png","object","place_object","dungeondraft-built-in","Objects","","","mcp-list-assets","loaded-registry-listed"
"Sack 08","res://textures/objects/supplies/sacks/sack_08.png","object","place_object","dungeondraft-built-in","Objects","","","mcp-list-assets","loaded-registry-listed"
"Sack 09","res://textures/objects/supplies/sacks/sack_09.png","object","place_object","dungeondraft-built-in","Objects","","","mcp-list-assets","loaded-registry-listed"
"Sack 10","res://textures/objects/supplies/sacks/sack_10.png","object","place_object","dungeondraft-built-in","Objects","","","mcp-list-assets","loaded-registry-listed"
"Sack 11","res://textures/objects/supplies/sacks/sack_11.png","object","place_object","dungeondraft-built-in","Objects","","","mcp-list-assets","loaded-registry-listed"
"Sack 12","res://textures/objects/supplies/sacks/sack_12.png","object","place_object","dungeondraft-built-in","Objects","","","mcp-list-assets","loaded-registry-listed"
"Sack 13","res://textures/objects/supplies/sacks/sack_13.png","object","place_object","dungeondraft-built-in","Objects","","","mcp-list-assets","loaded-registry-listed"
"Sack 14","res://textures/objects/supplies/sacks/sack_14.png","object","place_object","dungeondraft-built-in","Objects","","","mcp-list-assets","loaded-registry-listed"
"Sack 15","res://textures/objects/supplies/sacks/sack_15.png","object","place_object","dungeondraft-built-in","Objects","","","mcp-list-assets","loaded-registry-listed"
"Mangrove Stomps 01","res://textures/objects/swamp/mangrove_stomps_01.png","object","place_object","dungeondraft-built-in","Objects","","","mcp-list-assets","loaded-registry-listed"
"Mangrove Stomps 02","res://textures/objects/swamp/mangrove_stomps_02.png","object","place_object","dungeondraft-built-in","Objects","","","mcp-list-assets","loaded-registry-listed"
"Mangrove Stomps 03","res://textures/objects/swamp/mangrove_stomps_03.png","object","place_object","dungeondraft-built-in","Objects","","","mcp-list-assets","loaded-registry-listed"
"Mangrove Stomps 04","res://textures/objects/swamp/mangrove_stomps_04.png","object","place_object","dungeondraft-built-in","Objects","","","mcp-list-assets","loaded-registry-listed"
"Mangrove Stomps 05","res://textures/objects/swamp/mangrove_stomps_05.png","object","place_object","dungeondraft-built-in","Objects","","","mcp-list-assets","loaded-registry-listed"
"Mangrove Stomps 06","res://textures/objects/swamp/mangrove_stomps_06.png","object","place_object","dungeondraft-built-in","Objects","","","mcp-list-assets","loaded-registry-listed"
"Mangrove Stomps 07","res://textures/objects/swamp/mangrove_stomps_07.png","object","place_object","dungeondraft-built-in","Objects","","","mcp-list-assets","loaded-registry-listed"
"Mangrove Tree 01","res://textures/objects/swamp/mangrove_tree_01.png","object","place_object","dungeondraft-built-in","Objects","","","mcp-list-assets","loaded-registry-listed"
"Mangrove Tree 02","res://textures/objects/swamp/mangrove_tree_02.png","object","place_object","dungeondraft-built-in","Objects","","","mcp-list-assets","loaded-registry-listed"
"Mangrove Tree 03","res://textures/objects/swamp/mangrove_tree_03.png","object","place_object","dungeondraft-built-in","Objects","","","mcp-list-assets","loaded-registry-listed"
"Mangrove Tree 04","res://textures/objects/swamp/mangrove_tree_04.png","object","place_object","dungeondraft-built-in","Objects","","","mcp-list-assets","loaded-registry-listed"
"Mangrove Tree 05","res://textures/objects/swamp/mangrove_tree_05.png","object","place_object","dungeondraft-built-in","Objects","","","mcp-list-assets","loaded-registry-listed"
"Mangrove Tree 06","res://textures/objects/swamp/mangrove_tree_06.png","object","place_object","dungeondraft-built-in","Objects","","","mcp-list-assets","loaded-registry-listed"
"Mangrove Tree 07","res://textures/objects/swamp/mangrove_tree_07.png","object","place_object","dungeondraft-built-in","Objects","","","mcp-list-assets","loaded-registry-listed"
"Mangrove Tree 08","res://textures/objects/swamp/mangrove_tree_08.png","object","place_object","dungeondraft-built-in","Objects","","","mcp-list-assets","loaded-registry-listed"
"Mangrove Tree 09","res://textures/objects/swamp/mangrove_tree_09.png","object","place_object","dungeondraft-built-in","Objects","","","mcp-list-assets","loaded-registry-listed"
"Swamp Branch 01","res://textures/objects/swamp/swamp_branch_01.png","object","place_object","dungeondraft-built-in","Objects","","","mcp-list-assets","loaded-registry-listed"
"Swamp Branch 02","res://textures/objects/swamp/swamp_branch_02.png","object","place_object","dungeondraft-built-in","Objects","","","mcp-list-assets","loaded-registry-listed"
"Swamp Branch 03","res://textures/objects/swamp/swamp_branch_03.png","object","place_object","dungeondraft-built-in","Objects","","","mcp-list-assets","loaded-registry-listed"
"Swamp Flower 01","res://textures/objects/swamp/swamp_flower_01.png","object","place_object","dungeondraft-built-in","Objects","","","mcp-list-assets","loaded-registry-listed"
"Swamp Flower 02","res://textures/objects/swamp/swamp_flower_02.png","object","place_object","dungeondraft-built-in","Objects","","","mcp-list-assets","loaded-registry-listed"
"Swamp Flower 03","res://textures/objects/swamp/swamp_flower_03.png","object","place_object","dungeondraft-built-in","Objects","","","mcp-list-assets","loaded-registry-listed"
"Swamp Flower 04","res://textures/objects/swamp/swamp_flower_04.png","object","place_object","dungeondraft-built-in","Objects","","","mcp-list-assets","loaded-registry-listed"
"Swamp Flower 05","res://textures/objects/swamp/swamp_flower_05.png","object","place_object","dungeondraft-built-in","Objects","","","mcp-list-assets","loaded-registry-listed"
"Swamp Flower 06","res://textures/objects/swamp/swamp_flower_06.png","object","place_object","dungeondraft-built-in","Objects","","","mcp-list-assets","loaded-registry-listed"
"Swamp Flower 07","res://textures/objects/swamp/swamp_flower_07.png","object","place_object","dungeondraft-built-in","Objects","","","mcp-list-assets","loaded-registry-listed"
"Swamp Moss 01","res://textures/objects/swamp/swamp_moss_01.png","object","place_object","dungeondraft-built-in","Objects","","","mcp-list-assets","loaded-registry-listed"
"Swamp Moss 02","res://textures/objects/swamp/swamp_moss_02.png","object","place_object","dungeondraft-built-in","Objects","","","mcp-list-assets","loaded-registry-listed"
"Swamp Moss 03","res://textures/objects/swamp/swamp_moss_03.png","object","place_object","dungeondraft-built-in","Objects","","","mcp-list-assets","loaded-registry-listed"
"Swamp Moss 04","res://textures/objects/swamp/swamp_moss_04.png","object","place_object","dungeondraft-built-in","Objects","","","mcp-list-assets","loaded-registry-listed"
"Swamp Moss 05","res://textures/objects/swamp/swamp_moss_05.png","object","place_object","dungeondraft-built-in","Objects","","","mcp-list-assets","loaded-registry-listed"
"Swamp Moss 06","res://textures/objects/swamp/swamp_moss_06.png","object","place_object","dungeondraft-built-in","Objects","","","mcp-list-assets","loaded-registry-listed"
"Swamp Moss 07","res://textures/objects/swamp/swamp_moss_07.png","object","place_object","dungeondraft-built-in","Objects","","","mcp-list-assets","loaded-registry-listed"
"Swamp Puddle 01","res://textures/objects/swamp/swamp_puddle_01.png","object","place_object","dungeondraft-built-in","Objects","","","mcp-list-assets","loaded-registry-listed"
"Swamp Puddle 02","res://textures/objects/swamp/swamp_puddle_02.png","object","place_object","dungeondraft-built-in","Objects","","","mcp-list-assets","loaded-registry-listed"
"Swamp Puddle 03","res://textures/objects/swamp/swamp_puddle_03.png","object","place_object","dungeondraft-built-in","Objects","","","mcp-list-assets","loaded-registry-listed"
"Swamp Puddle 04","res://textures/objects/swamp/swamp_puddle_04.png","object","place_object","dungeondraft-built-in","Objects","","","mcp-list-assets","loaded-registry-listed"
"Swamp Puddle 05","res://textures/objects/swamp/swamp_puddle_05.png","object","place_object","dungeondraft-built-in","Objects","","","mcp-list-assets","loaded-registry-listed"
"Swamp Puddle 06","res://textures/objects/swamp/swamp_puddle_06.png","object","place_object","dungeondraft-built-in","Objects","","","mcp-list-assets","loaded-registry-listed"
"Swamp Puddle 07","res://textures/objects/swamp/swamp_puddle_07.png","object","place_object","dungeondraft-built-in","Objects","","","mcp-list-assets","loaded-registry-listed"
"Swamp Puddle 08","res://textures/objects/swamp/swamp_puddle_08.png","object","place_object","dungeondraft-built-in","Objects","","","mcp-list-assets","loaded-registry-listed"
"Swamp Puddle 09","res://textures/objects/swamp/swamp_puddle_09.png","object","place_object","dungeondraft-built-in","Objects","","","mcp-list-assets","loaded-registry-listed"
"Swamp Puddle 10","res://textures/objects/swamp/swamp_puddle_10.png","object","place_object","dungeondraft-built-in","Objects","","","mcp-list-assets","loaded-registry-listed"
"Swamp Rocks 01","res://textures/objects/swamp/swamp_rocks_01.png","object","place_object","dungeondraft-built-in","Objects","","","mcp-list-assets","loaded-registry-listed"
"Swamp Rocks 02","res://textures/objects/swamp/swamp_rocks_02.png","object","place_object","dungeondraft-built-in","Objects","","","mcp-list-assets","loaded-registry-listed"
"Swamp Rocks 03","res://textures/objects/swamp/swamp_rocks_03.png","object","place_object","dungeondraft-built-in","Objects","","","mcp-list-assets","loaded-registry-listed"
"Swamp Rocks 04","res://textures/objects/swamp/swamp_rocks_04.png","object","place_object","dungeondraft-built-in","Objects","","","mcp-list-assets","loaded-registry-listed"
"Swamp Rocks 05","res://textures/objects/swamp/swamp_rocks_05.png","object","place_object","dungeondraft-built-in","Objects","","","mcp-list-assets","loaded-registry-listed"
"Swamp Rocks 06","res://textures/objects/swamp/swamp_rocks_06.png","object","place_object","dungeondraft-built-in","Objects","","","mcp-list-assets","loaded-registry-listed"
"Water Stain 01","res://textures/objects/swamp/water_stain_01.png","object","place_object","dungeondraft-built-in","Objects","","","mcp-list-assets","loaded-registry-listed"
"Water Stain 02","res://textures/objects/swamp/water_stain_02.png","object","place_object","dungeondraft-built-in","Objects","","","mcp-list-assets","loaded-registry-listed"
"Water Stain 03","res://textures/objects/swamp/water_stain_03.png","object","place_object","dungeondraft-built-in","Objects","","","mcp-list-assets","loaded-registry-listed"
"Water Stain 04","res://textures/objects/swamp/water_stain_04.png","object","place_object","dungeondraft-built-in","Objects","","","mcp-list-assets","loaded-registry-listed"
"Water Stain 05","res://textures/objects/swamp/water_stain_05.png","object","place_object","dungeondraft-built-in","Objects","","","mcp-list-assets","loaded-registry-listed"
"Water Stain 06","res://textures/objects/swamp/water_stain_06.png","object","place_object","dungeondraft-built-in","Objects","","","mcp-list-assets","loaded-registry-listed"
"Water Stain 07","res://textures/objects/swamp/water_stain_07.png","object","place_object","dungeondraft-built-in","Objects","","","mcp-list-assets","loaded-registry-listed"
"Alchemy Furnace 01","res://textures/objects/tools_alchemy/alchemy_furnace_01.png","object","place_object","dungeondraft-built-in","Objects","","","mcp-list-assets","loaded-registry-listed"
"Alchemy Table 01","res://textures/objects/tools_alchemy/alchemy_table_01.png","object","place_object","dungeondraft-built-in","Objects","","","mcp-list-assets","loaded-registry-listed"
"Alchemy Table 02","res://textures/objects/tools_alchemy/alchemy_table_02.png","object","place_object","dungeondraft-built-in","Objects","","","mcp-list-assets","loaded-registry-listed"
"Alchemy Tool 01","res://textures/objects/tools_alchemy/alchemy_tool_01.png","object","place_object","dungeondraft-built-in","Objects","","","mcp-list-assets","loaded-registry-listed"
"Alchemy Tool 02","res://textures/objects/tools_alchemy/alchemy_tool_02.png","object","place_object","dungeondraft-built-in","Objects","","","mcp-list-assets","loaded-registry-listed"
"Alchemy Tool 03","res://textures/objects/tools_alchemy/alchemy_tool_03.png","object","place_object","dungeondraft-built-in","Objects","","","mcp-list-assets","loaded-registry-listed"
"Alchemy Tool 04","res://textures/objects/tools_alchemy/alchemy_tool_04.png","object","place_object","dungeondraft-built-in","Objects","","","mcp-list-assets","loaded-registry-listed"
"Alembic 01","res://textures/objects/tools_alchemy/alembic_01.png","object","place_object","dungeondraft-built-in","Objects","","","mcp-list-assets","loaded-registry-listed"
"Alembic 02","res://textures/objects/tools_alchemy/alembic_02.png","object","place_object","dungeondraft-built-in","Objects","","","mcp-list-assets","loaded-registry-listed"
"Alembic 03","res://textures/objects/tools_alchemy/alembic_03.png","object","place_object","dungeondraft-built-in","Objects","","","mcp-list-assets","loaded-registry-listed"
"Alembic 04","res://textures/objects/tools_alchemy/alembic_04.png","object","place_object","dungeondraft-built-in","Objects","","","mcp-list-assets","loaded-registry-listed"
"Alembic 05","res://textures/objects/tools_alchemy/alembic_05.png","object","place_object","dungeondraft-built-in","Objects","","","mcp-list-assets","loaded-registry-listed"
"Alembic 06","res://textures/objects/tools_alchemy/alembic_06.png","object","place_object","dungeondraft-built-in","Objects","","","mcp-list-assets","loaded-registry-listed"
"Alembic 07","res://textures/objects/tools_alchemy/alembic_07.png","object","place_object","dungeondraft-built-in","Objects","","","mcp-list-assets","loaded-registry-listed"
"Alembic Retort Flask 01","res://textures/objects/tools_alchemy/alembic_retort_flask_01.png","object","place_object","dungeondraft-built-in","Objects","","","mcp-list-assets","loaded-registry-listed"
"Crystal Ball 01","res://textures/objects/tools_alchemy/crystal_ball_01.png","object","place_object","dungeondraft-built-in","Objects","","","mcp-list-assets","loaded-registry-listed"
"Crystal Generator 01","res://textures/objects/tools_alchemy/crystal_generator_01.png","object","place_object","dungeondraft-built-in","Objects","","","mcp-list-assets","loaded-registry-listed"
"Glass Case 01","res://textures/objects/tools_alchemy/glass_case_01.png","object","place_object","dungeondraft-built-in","Objects","","","mcp-list-assets","loaded-registry-listed"
"Glass Case 02","res://textures/objects/tools_alchemy/glass_case_02.png","object","place_object","dungeondraft-built-in","Objects","","","mcp-list-assets","loaded-registry-listed"
"Herbs 01","res://textures/objects/tools_alchemy/herbs_01.png","object","place_object","dungeondraft-built-in","Objects","","","mcp-list-assets","loaded-registry-listed"
"Herbs 02","res://textures/objects/tools_alchemy/herbs_02.png","object","place_object","dungeondraft-built-in","Objects","","","mcp-list-assets","loaded-registry-listed"
"Herbs 03","res://textures/objects/tools_alchemy/herbs_03.png","object","place_object","dungeondraft-built-in","Objects","","","mcp-list-assets","loaded-registry-listed"
"Herbs 04","res://textures/objects/tools_alchemy/herbs_04.png","object","place_object","dungeondraft-built-in","Objects","","","mcp-list-assets","loaded-registry-listed"
"Herbs 05","res://textures/objects/tools_alchemy/herbs_05.png","object","place_object","dungeondraft-built-in","Objects","","","mcp-list-assets","loaded-registry-listed"
"Herbs 06","res://textures/objects/tools_alchemy/herbs_06.png","object","place_object","dungeondraft-built-in","Objects","","","mcp-list-assets","loaded-registry-listed"
"Mandragora Root 01","res://textures/objects/tools_alchemy/mandragora_root_01.png","object","place_object","dungeondraft-built-in","Objects","","","mcp-list-assets","loaded-registry-listed"
"Mixing Bowl 01","res://textures/objects/tools_alchemy/mixing_bowl_01.png","object","place_object","dungeondraft-built-in","Objects","","","mcp-list-assets","loaded-registry-listed"
"Mixing Plate 01","res://textures/objects/tools_alchemy/mixing_plate_01.png","object","place_object","dungeondraft-built-in","Objects","","","mcp-list-assets","loaded-registry-listed"
"Mortar And Pestle","res://textures/objects/tools_alchemy/mortar_and_pestle_.png","object","place_object","dungeondraft-built-in","Objects","","","mcp-list-assets","loaded-registry-listed"
"Notes 01","res://textures/objects/tools_alchemy/notes_01.png","object","place_object","dungeondraft-built-in","Objects","","","mcp-list-assets","loaded-registry-listed"
"Powder Grinder 01","res://textures/objects/tools_alchemy/powder_grinder_01.png","object","place_object","dungeondraft-built-in","Objects","","","mcp-list-assets","loaded-registry-listed"
"Preserves 01","res://textures/objects/tools_alchemy/preserves_01.png","object","place_object","dungeondraft-built-in","Objects","","","mcp-list-assets","loaded-registry-listed"
"Preserves 02","res://textures/objects/tools_alchemy/preserves_02.png","object","place_object","dungeondraft-built-in","Objects","","","mcp-list-assets","loaded-registry-listed"
"Alchemical Gas Canister","res://textures/objects/traps/alchemical_gas_canister.png","object","place_object","dungeondraft-built-in","Objects","","","mcp-list-assets","loaded-registry-listed"
"Animal Trap","res://textures/objects/traps/animal_trap.png","object","place_object","dungeondraft-built-in","Objects","","","mcp-list-assets","loaded-registry-listed"
"Gas Vent Trap","res://textures/objects/traps/gas_vent_trap.png","object","place_object","dungeondraft-built-in","Objects","","","mcp-list-assets","loaded-registry-listed"
"Heavy Machinery Trap","res://textures/objects/traps/heavy_machinery_trap.png","object","place_object","dungeondraft-built-in","Objects","","","mcp-list-assets","loaded-registry-listed"
"Hidden Magic Rune Trap","res://textures/objects/traps/hidden_magic_rune_trap.png","object","place_object","dungeondraft-built-in","Objects","","","mcp-list-assets","loaded-registry-listed"
"Magic Animal Trap","res://textures/objects/traps/magic_animal_trap.png","object","place_object","dungeondraft-built-in","Objects","","","mcp-list-assets","loaded-registry-listed"
"Mine 01","res://textures/objects/traps/mine_01.png","object","place_object","dungeondraft-built-in","Objects","","","mcp-list-assets","loaded-registry-listed"
"Mine 02","res://textures/objects/traps/mine_02.png","object","place_object","dungeondraft-built-in","Objects","","","mcp-list-assets","loaded-registry-listed"
"Pressure Plate 01","res://textures/objects/traps/pressure_plate_01.png","object","place_object","dungeondraft-built-in","Objects","","","mcp-list-assets","loaded-registry-listed"
"Pressure Plate 02","res://textures/objects/traps/pressure_plate_02.png","object","place_object","dungeondraft-built-in","Objects","","","mcp-list-assets","loaded-registry-listed"
"Spear Trap 01","res://textures/objects/traps/spear_trap_01.png","object","place_object","dungeondraft-built-in","Objects","","","mcp-list-assets","loaded-registry-listed"
"Spear Trap 02","res://textures/objects/traps/spear_trap_02.png","object","place_object","dungeondraft-built-in","Objects","","","mcp-list-assets","loaded-registry-listed"
"Statue Needle Trap","res://textures/objects/traps/statue_needle_trap.png","object","place_object","dungeondraft-built-in","Objects","","","mcp-list-assets","loaded-registry-listed"
"Trap Trigger","res://textures/objects/traps/trap_trigger.png","object","place_object","dungeondraft-built-in","Objects","","","mcp-list-assets","loaded-registry-listed"
"Reeds 1","res://textures/objects/vegetation/aquatic/reeds_1.png","object","place_object","dungeondraft-built-in","Objects","","","mcp-list-assets","loaded-registry-listed"
"Reeds 2","res://textures/objects/vegetation/aquatic/reeds_2.png","object","place_object","dungeondraft-built-in","Objects","","","mcp-list-assets","loaded-registry-listed"
"Reeds 3","res://textures/objects/vegetation/aquatic/reeds_3.png","object","place_object","dungeondraft-built-in","Objects","","","mcp-list-assets","loaded-registry-listed"
"Reeds 4","res://textures/objects/vegetation/aquatic/reeds_4.png","object","place_object","dungeondraft-built-in","Objects","","","mcp-list-assets","loaded-registry-listed"
"Reeds 5","res://textures/objects/vegetation/aquatic/reeds_5.png","object","place_object","dungeondraft-built-in","Objects","","","mcp-list-assets","loaded-registry-listed"
"Waterlily 01","res://textures/objects/vegetation/aquatic/waterlily_01.png","object","place_object","dungeondraft-built-in","Objects","","","mcp-list-assets","loaded-registry-listed"
"Waterlily 02","res://textures/objects/vegetation/aquatic/waterlily_02.png","object","place_object","dungeondraft-built-in","Objects","","","mcp-list-assets","loaded-registry-listed"
"Waterlily 03","res://textures/objects/vegetation/aquatic/waterlily_03.png","object","place_object","dungeondraft-built-in","Objects","","","mcp-list-assets","loaded-registry-listed"
"Waterlily 04","res://textures/objects/vegetation/aquatic/waterlily_04.png","object","place_object","dungeondraft-built-in","Objects","","","mcp-list-assets","loaded-registry-listed"
"Waterlily 05","res://textures/objects/vegetation/aquatic/waterlily_05.png","object","place_object","dungeondraft-built-in","Objects","","","mcp-list-assets","loaded-registry-listed"
"Waterlily 06","res://textures/objects/vegetation/aquatic/waterlily_06.png","object","place_object","dungeondraft-built-in","Objects","","","mcp-list-assets","loaded-registry-listed"
"Dead Leaves 01","res://textures/objects/vegetation/fallen/dead_leaves_01.png","object","place_object","dungeondraft-built-in","Objects","","","mcp-list-assets","loaded-registry-listed"
"Dead Leaves 02","res://textures/objects/vegetation/fallen/dead_leaves_02.png","object","place_object","dungeondraft-built-in","Objects","","","mcp-list-assets","loaded-registry-listed"
"Dead Leaves 03","res://textures/objects/vegetation/fallen/dead_leaves_03.png","object","place_object","dungeondraft-built-in","Objects","","","mcp-list-assets","loaded-registry-listed"
"Dead Leaves 04","res://textures/objects/vegetation/fallen/dead_leaves_04.png","object","place_object","dungeondraft-built-in","Objects","","","mcp-list-assets","loaded-registry-listed"
"Dead Leaves 05","res://textures/objects/vegetation/fallen/dead_leaves_05.png","object","place_object","dungeondraft-built-in","Objects","","","mcp-list-assets","loaded-registry-listed"
"Leaves 01","res://textures/objects/vegetation/fallen/leaves_01.png","object","place_object","dungeondraft-built-in","Objects","","","mcp-list-assets","loaded-registry-listed"
"Leaves 02","res://textures/objects/vegetation/fallen/leaves_02.png","object","place_object","dungeondraft-built-in","Objects","","","mcp-list-assets","loaded-registry-listed"
"Leaves 03","res://textures/objects/vegetation/fallen/leaves_03.png","object","place_object","dungeondraft-built-in","Objects","","","mcp-list-assets","loaded-registry-listed"
"Leaves 04","res://textures/objects/vegetation/fallen/leaves_04.png","object","place_object","dungeondraft-built-in","Objects","","","mcp-list-assets","loaded-registry-listed"
"Log 01","res://textures/objects/vegetation/fallen/log_01.png","object","place_object","dungeondraft-built-in","Objects","","","mcp-list-assets","loaded-registry-listed"
"Log 02","res://textures/objects/vegetation/fallen/log_02.png","object","place_object","dungeondraft-built-in","Objects","","","mcp-list-assets","loaded-registry-listed"
"Log 03","res://textures/objects/vegetation/fallen/log_03.png","object","place_object","dungeondraft-built-in","Objects","","","mcp-list-assets","loaded-registry-listed"
"Log 04","res://textures/objects/vegetation/fallen/log_04.png","object","place_object","dungeondraft-built-in","Objects","","","mcp-list-assets","loaded-registry-listed"
"Log 05","res://textures/objects/vegetation/fallen/log_05.png","object","place_object","dungeondraft-built-in","Objects","","","mcp-list-assets","loaded-registry-listed"
"Wood Burned 01","res://textures/objects/vegetation/fallen/wood_burned_01.png","object","place_object","dungeondraft-built-in","Objects","","","mcp-list-assets","loaded-registry-listed"
"Wood Burned 02","res://textures/objects/vegetation/fallen/wood_burned_02.png","object","place_object","dungeondraft-built-in","Objects","","","mcp-list-assets","loaded-registry-listed"
"Wood Burned 03","res://textures/objects/vegetation/fallen/wood_burned_03.png","object","place_object","dungeondraft-built-in","Objects","","","mcp-list-assets","loaded-registry-listed"
"Wood Burned 04","res://textures/objects/vegetation/fallen/wood_burned_04.png","object","place_object","dungeondraft-built-in","Objects","","","mcp-list-assets","loaded-registry-listed"
"Wood Burned 05","res://textures/objects/vegetation/fallen/wood_burned_05.png","object","place_object","dungeondraft-built-in","Objects","","","mcp-list-assets","loaded-registry-listed"
"Wood Burned 06","res://textures/objects/vegetation/fallen/wood_burned_06.png","object","place_object","dungeondraft-built-in","Objects","","","mcp-list-assets","loaded-registry-listed"
"Fern 01","res://textures/objects/vegetation/ferns/fern_01.png","object","place_object","dungeondraft-built-in","Objects","","","mcp-list-assets","loaded-registry-listed"
"Fern 02","res://textures/objects/vegetation/ferns/fern_02.png","object","place_object","dungeondraft-built-in","Objects","","","mcp-list-assets","loaded-registry-listed"
"Fern 03","res://textures/objects/vegetation/ferns/fern_03.png","object","place_object","dungeondraft-built-in","Objects","","","mcp-list-assets","loaded-registry-listed"
"Fern 04","res://textures/objects/vegetation/ferns/fern_04.png","object","place_object","dungeondraft-built-in","Objects","","","mcp-list-assets","loaded-registry-listed"
"Fern 05","res://textures/objects/vegetation/ferns/fern_05.png","object","place_object","dungeondraft-built-in","Objects","","","mcp-list-assets","loaded-registry-listed"
"Fern 06","res://textures/objects/vegetation/ferns/fern_06.png","object","place_object","dungeondraft-built-in","Objects","","","mcp-list-assets","loaded-registry-listed"
"Flowers 01","res://textures/objects/vegetation/flowers/flowers_01.png","object","place_object","dungeondraft-built-in","Objects","","","mcp-list-assets","loaded-registry-listed"
"Flowers 02","res://textures/objects/vegetation/flowers/flowers_02.png","object","place_object","dungeondraft-built-in","Objects","","","mcp-list-assets","loaded-registry-listed"
"Flowers 03","res://textures/objects/vegetation/flowers/flowers_03.png","object","place_object","dungeondraft-built-in","Objects","","","mcp-list-assets","loaded-registry-listed"
"Flowers 04","res://textures/objects/vegetation/flowers/flowers_04.png","object","place_object","dungeondraft-built-in","Objects","","","mcp-list-assets","loaded-registry-listed"
"Flowers 05","res://textures/objects/vegetation/flowers/flowers_05.png","object","place_object","dungeondraft-built-in","Objects","","","mcp-list-assets","loaded-registry-listed"
"Grass 01","res://textures/objects/vegetation/grass/grass_01.png","object","place_object","dungeondraft-built-in","Objects","","","mcp-list-assets","loaded-registry-listed"
"Grass 02","res://textures/objects/vegetation/grass/grass_02.png","object","place_object","dungeondraft-built-in","Objects","","","mcp-list-assets","loaded-registry-listed"
"Grass 03","res://textures/objects/vegetation/grass/grass_03.png","object","place_object","dungeondraft-built-in","Objects","","","mcp-list-assets","loaded-registry-listed"
"Grass 04","res://textures/objects/vegetation/grass/grass_04.png","object","place_object","dungeondraft-built-in","Objects","","","mcp-list-assets","loaded-registry-listed"
"Grass 05","res://textures/objects/vegetation/grass/grass_05.png","object","place_object","dungeondraft-built-in","Objects","","","mcp-list-assets","loaded-registry-listed"
"Grass 06","res://textures/objects/vegetation/grass/grass_06.png","object","place_object","dungeondraft-built-in","Objects","","","mcp-list-assets","loaded-registry-listed"
"Grass 07","res://textures/objects/vegetation/grass/grass_07.png","object","place_object","dungeondraft-built-in","Objects","","","mcp-list-assets","loaded-registry-listed"
"Grass 08","res://textures/objects/vegetation/grass/grass_08.png","object","place_object","dungeondraft-built-in","Objects","","","mcp-list-assets","loaded-registry-listed"
"Grass 09","res://textures/objects/vegetation/grass/grass_09.png","object","place_object","dungeondraft-built-in","Objects","","","mcp-list-assets","loaded-registry-listed"
"Grass 10","res://textures/objects/vegetation/grass/grass_10.png","object","place_object","dungeondraft-built-in","Objects","","","mcp-list-assets","loaded-registry-listed"
"Grass 11","res://textures/objects/vegetation/grass/grass_11.png","object","place_object","dungeondraft-built-in","Objects","","","mcp-list-assets","loaded-registry-listed"
"Grass 12","res://textures/objects/vegetation/grass/grass_12.png","object","place_object","dungeondraft-built-in","Objects","","","mcp-list-assets","loaded-registry-listed"
"Grass 13","res://textures/objects/vegetation/grass/grass_13.png","object","place_object","dungeondraft-built-in","Objects","","","mcp-list-assets","loaded-registry-listed"
"Grass 14","res://textures/objects/vegetation/grass/grass_14.png","object","place_object","dungeondraft-built-in","Objects","","","mcp-list-assets","loaded-registry-listed"
"Grass 15","res://textures/objects/vegetation/grass/grass_15.png","object","place_object","dungeondraft-built-in","Objects","","","mcp-list-assets","loaded-registry-listed"
"Grass 16","res://textures/objects/vegetation/grass/grass_16.png","object","place_object","dungeondraft-built-in","Objects","","","mcp-list-assets","loaded-registry-listed"
"Grass 17","res://textures/objects/vegetation/grass/grass_17.png","object","place_object","dungeondraft-built-in","Objects","","","mcp-list-assets","loaded-registry-listed"
"Grass 18","res://textures/objects/vegetation/grass/grass_18.png","object","place_object","dungeondraft-built-in","Objects","","","mcp-list-assets","loaded-registry-listed"
"Grass 19","res://textures/objects/vegetation/grass/grass_19.png","object","place_object","dungeondraft-built-in","Objects","","","mcp-list-assets","loaded-registry-listed"
"Grass 20","res://textures/objects/vegetation/grass/grass_20.png","object","place_object","dungeondraft-built-in","Objects","","","mcp-list-assets","loaded-registry-listed"
"Grass 21","res://textures/objects/vegetation/grass/grass_21.png","object","place_object","dungeondraft-built-in","Objects","","","mcp-list-assets","loaded-registry-listed"
"Grass 22","res://textures/objects/vegetation/grass/grass_22.png","object","place_object","dungeondraft-built-in","Objects","","","mcp-list-assets","loaded-registry-listed"
"Grass 23","res://textures/objects/vegetation/grass/grass_23.png","object","place_object","dungeondraft-built-in","Objects","","","mcp-list-assets","loaded-registry-listed"
"Grass 24","res://textures/objects/vegetation/grass/grass_24.png","object","place_object","dungeondraft-built-in","Objects","","","mcp-list-assets","loaded-registry-listed"
"Grass 25","res://textures/objects/vegetation/grass/grass_25.png","object","place_object","dungeondraft-built-in","Objects","","","mcp-list-assets","loaded-registry-listed"
"Grass 26","res://textures/objects/vegetation/grass/grass_26.png","object","place_object","dungeondraft-built-in","Objects","","","mcp-list-assets","loaded-registry-listed"
"Magic Mushrooms 01","res://textures/objects/vegetation/mushrooms/magic_mushrooms_01.png","object","place_object","dungeondraft-built-in","Objects","","","mcp-list-assets","loaded-registry-listed"
"Magic Mushrooms 02","res://textures/objects/vegetation/mushrooms/magic_mushrooms_02.png","object","place_object","dungeondraft-built-in","Objects","","","mcp-list-assets","loaded-registry-listed"
"Magic Mushrooms 03","res://textures/objects/vegetation/mushrooms/magic_mushrooms_03.png","object","place_object","dungeondraft-built-in","Objects","","","mcp-list-assets","loaded-registry-listed"
"Magic Mushrooms 04","res://textures/objects/vegetation/mushrooms/magic_mushrooms_04.png","object","place_object","dungeondraft-built-in","Objects","","","mcp-list-assets","loaded-registry-listed"
"Magic Mushrooms 05","res://textures/objects/vegetation/mushrooms/magic_mushrooms_05.png","object","place_object","dungeondraft-built-in","Objects","","","mcp-list-assets","loaded-registry-listed"
"Magic Mushrooms 06","res://textures/objects/vegetation/mushrooms/magic_mushrooms_06.png","object","place_object","dungeondraft-built-in","Objects","","","mcp-list-assets","loaded-registry-listed"
"Magic Mushrooms 07","res://textures/objects/vegetation/mushrooms/magic_mushrooms_07.png","object","place_object","dungeondraft-built-in","Objects","","","mcp-list-assets","loaded-registry-listed"
"Magic Mushrooms 08","res://textures/objects/vegetation/mushrooms/magic_mushrooms_08.png","object","place_object","dungeondraft-built-in","Objects","","","mcp-list-assets","loaded-registry-listed"
"Magic Mushrooms 09","res://textures/objects/vegetation/mushrooms/magic_mushrooms_09.png","object","place_object","dungeondraft-built-in","Objects","","","mcp-list-assets","loaded-registry-listed"
"Magic Mushrooms 10","res://textures/objects/vegetation/mushrooms/magic_mushrooms_10.png","object","place_object","dungeondraft-built-in","Objects","","","mcp-list-assets","loaded-registry-listed"
"Magic Mushrooms 11","res://textures/objects/vegetation/mushrooms/magic_mushrooms_11.png","object","place_object","dungeondraft-built-in","Objects","","","mcp-list-assets","loaded-registry-listed"
"Magic Mushrooms 12","res://textures/objects/vegetation/mushrooms/magic_mushrooms_12.png","object","place_object","dungeondraft-built-in","Objects","","","mcp-list-assets","loaded-registry-listed"
"Magic Mushrooms 13","res://textures/objects/vegetation/mushrooms/magic_mushrooms_13.png","object","place_object","dungeondraft-built-in","Objects","","","mcp-list-assets","loaded-registry-listed"
"Magic Mushrooms 14","res://textures/objects/vegetation/mushrooms/magic_mushrooms_14.png","object","place_object","dungeondraft-built-in","Objects","","","mcp-list-assets","loaded-registry-listed"
"Mushrooms 01","res://textures/objects/vegetation/mushrooms/mushrooms_01.png","object","place_object","dungeondraft-built-in","Objects","","","mcp-list-assets","loaded-registry-listed"
"Mushrooms 02","res://textures/objects/vegetation/mushrooms/mushrooms_02.png","object","place_object","dungeondraft-built-in","Objects","","","mcp-list-assets","loaded-registry-listed"
"Mushrooms 03","res://textures/objects/vegetation/mushrooms/mushrooms_03.png","object","place_object","dungeondraft-built-in","Objects","","","mcp-list-assets","loaded-registry-listed"
"Mushrooms 04","res://textures/objects/vegetation/mushrooms/mushrooms_04.png","object","place_object","dungeondraft-built-in","Objects","","","mcp-list-assets","loaded-registry-listed"
"Mushrooms 05","res://textures/objects/vegetation/mushrooms/mushrooms_05.png","object","place_object","dungeondraft-built-in","Objects","","","mcp-list-assets","loaded-registry-listed"
"Exposed Roots 01","res://textures/objects/vegetation/roots/exposed_roots_01.png","object","place_object","dungeondraft-built-in","Objects","","","mcp-list-assets","loaded-registry-listed"
"Exposed Roots 02","res://textures/objects/vegetation/roots/exposed_roots_02.png","object","place_object","dungeondraft-built-in","Objects","","","mcp-list-assets","loaded-registry-listed"
"Exposed Roots 03","res://textures/objects/vegetation/roots/exposed_roots_03.png","object","place_object","dungeondraft-built-in","Objects","","","mcp-list-assets","loaded-registry-listed"
"Exposed Roots 04","res://textures/objects/vegetation/roots/exposed_roots_04.png","object","place_object","dungeondraft-built-in","Objects","","","mcp-list-assets","loaded-registry-listed"
"Exposed Roots 05","res://textures/objects/vegetation/roots/exposed_roots_05.png","object","place_object","dungeondraft-built-in","Objects","","","mcp-list-assets","loaded-registry-listed"
"Exposed Roots 06","res://textures/objects/vegetation/roots/exposed_roots_06.png","object","place_object","dungeondraft-built-in","Objects","","","mcp-list-assets","loaded-registry-listed"
"Exposed Roots 07","res://textures/objects/vegetation/roots/exposed_roots_07.png","object","place_object","dungeondraft-built-in","Objects","","","mcp-list-assets","loaded-registry-listed"
"Exposed Roots 08","res://textures/objects/vegetation/roots/exposed_roots_08.png","object","place_object","dungeondraft-built-in","Objects","","","mcp-list-assets","loaded-registry-listed"
"Exposed Roots 09","res://textures/objects/vegetation/roots/exposed_roots_09.png","object","place_object","dungeondraft-built-in","Objects","","","mcp-list-assets","loaded-registry-listed"
"Exposed Roots 10","res://textures/objects/vegetation/roots/exposed_roots_10.png","object","place_object","dungeondraft-built-in","Objects","","","mcp-list-assets","loaded-registry-listed"
"Exposed Roots Big 1","res://textures/objects/vegetation/roots/exposed_roots_big_1.png","object","place_object","dungeondraft-built-in","Objects","","","mcp-list-assets","loaded-registry-listed"
"Exposed Roots Big 2","res://textures/objects/vegetation/roots/exposed_roots_big_2.png","object","place_object","dungeondraft-built-in","Objects","","","mcp-list-assets","loaded-registry-listed"
"Exposed Roots Big 3","res://textures/objects/vegetation/roots/exposed_roots_big_3.png","object","place_object","dungeondraft-built-in","Objects","","","mcp-list-assets","loaded-registry-listed"
"Exposed Roots Big 4","res://textures/objects/vegetation/roots/exposed_roots_big_4.png","object","place_object","dungeondraft-built-in","Objects","","","mcp-list-assets","loaded-registry-listed"
"Exposed Roots Big 5","res://textures/objects/vegetation/roots/exposed_roots_big_5.png","object","place_object","dungeondraft-built-in","Objects","","","mcp-list-assets","loaded-registry-listed"
"Exposed Roots Big 6","res://textures/objects/vegetation/roots/exposed_roots_big_6.png","object","place_object","dungeondraft-built-in","Objects","","","mcp-list-assets","loaded-registry-listed"
"Exposed Roots Big 7","res://textures/objects/vegetation/roots/exposed_roots_big_7.png","object","place_object","dungeondraft-built-in","Objects","","","mcp-list-assets","loaded-registry-listed"
"Exposed Roots Big 8","res://textures/objects/vegetation/roots/exposed_roots_big_8.png","object","place_object","dungeondraft-built-in","Objects","","","mcp-list-assets","loaded-registry-listed"
"Bush Flower 01","res://textures/objects/vegetation/shrubs/bush_flower_01.png","object","place_object","dungeondraft-built-in","Objects","","","mcp-list-assets","loaded-registry-listed"
"Bush Flower 02","res://textures/objects/vegetation/shrubs/bush_flower_02.png","object","place_object","dungeondraft-built-in","Objects","","","mcp-list-assets","loaded-registry-listed"
"Bush Flower 03","res://textures/objects/vegetation/shrubs/bush_flower_03.png","object","place_object","dungeondraft-built-in","Objects","","","mcp-list-assets","loaded-registry-listed"
"Bush Flower 04","res://textures/objects/vegetation/shrubs/bush_flower_04.png","object","place_object","dungeondraft-built-in","Objects","","","mcp-list-assets","loaded-registry-listed"
"Bush Flower 05","res://textures/objects/vegetation/shrubs/bush_flower_05.png","object","place_object","dungeondraft-built-in","Objects","","","mcp-list-assets","loaded-registry-listed"
"Bush Green Simple 01","res://textures/objects/vegetation/shrubs/bush_green_simple_01.png","object","place_object","dungeondraft-built-in","Objects","","","mcp-list-assets","loaded-registry-listed"
"Bush Green Simple 02","res://textures/objects/vegetation/shrubs/bush_green_simple_02.png","object","place_object","dungeondraft-built-in","Objects","","","mcp-list-assets","loaded-registry-listed"
"Bush Green Simple 03","res://textures/objects/vegetation/shrubs/bush_green_simple_03.png","object","place_object","dungeondraft-built-in","Objects","","","mcp-list-assets","loaded-registry-listed"
"Bush Green Simple 04","res://textures/objects/vegetation/shrubs/bush_green_simple_04.png","object","place_object","dungeondraft-built-in","Objects","","","mcp-list-assets","loaded-registry-listed"
"Bush Green Simple 05","res://textures/objects/vegetation/shrubs/bush_green_simple_05.png","object","place_object","dungeondraft-built-in","Objects","","","mcp-list-assets","loaded-registry-listed"
"Bush Green Simple 06","res://textures/objects/vegetation/shrubs/bush_green_simple_06.png","object","place_object","dungeondraft-built-in","Objects","","","mcp-list-assets","loaded-registry-listed"
"Bush Green Simple 07","res://textures/objects/vegetation/shrubs/bush_green_simple_07.png","object","place_object","dungeondraft-built-in","Objects","","","mcp-list-assets","loaded-registry-listed"
"Bush Green Simple 08","res://textures/objects/vegetation/shrubs/bush_green_simple_08.png","object","place_object","dungeondraft-built-in","Objects","","","mcp-list-assets","loaded-registry-listed"
"Bush Green Simple 09","res://textures/objects/vegetation/shrubs/bush_green_simple_09.png","object","place_object","dungeondraft-built-in","Objects","","","mcp-list-assets","loaded-registry-listed"
"Bush Green Simple 10","res://textures/objects/vegetation/shrubs/bush_green_simple_10.png","object","place_object","dungeondraft-built-in","Objects","","","mcp-list-assets","loaded-registry-listed"
"Bush Green Simple 11","res://textures/objects/vegetation/shrubs/bush_green_simple_11.png","object","place_object","dungeondraft-built-in","Objects","","","mcp-list-assets","loaded-registry-listed"
"Bush Green Simple 12","res://textures/objects/vegetation/shrubs/bush_green_simple_12.png","object","place_object","dungeondraft-built-in","Objects","","","mcp-list-assets","loaded-registry-listed"
"Bush Green Simple 13","res://textures/objects/vegetation/shrubs/bush_green_simple_13.png","object","place_object","dungeondraft-built-in","Objects","","","mcp-list-assets","loaded-registry-listed"
"Thorns 01","res://textures/objects/vegetation/thorns/thorns_01.png","object","place_object","dungeondraft-built-in","Objects","","","mcp-list-assets","loaded-registry-listed"
"Thorns 02","res://textures/objects/vegetation/thorns/thorns_02.png","object","place_object","dungeondraft-built-in","Objects","","","mcp-list-assets","loaded-registry-listed"
"Thorns 03","res://textures/objects/vegetation/thorns/thorns_03.png","object","place_object","dungeondraft-built-in","Objects","","","mcp-list-assets","loaded-registry-listed"
"Thorns 04","res://textures/objects/vegetation/thorns/thorns_04.png","object","place_object","dungeondraft-built-in","Objects","","","mcp-list-assets","loaded-registry-listed"
"Thorns 05","res://textures/objects/vegetation/thorns/thorns_05.png","object","place_object","dungeondraft-built-in","Objects","","","mcp-list-assets","loaded-registry-listed"
"Thorns 06","res://textures/objects/vegetation/thorns/thorns_06.png","object","place_object","dungeondraft-built-in","Objects","","","mcp-list-assets","loaded-registry-listed"
"Thorns 07","res://textures/objects/vegetation/thorns/thorns_07.png","object","place_object","dungeondraft-built-in","Objects","","","mcp-list-assets","loaded-registry-listed"
"Thorns 08","res://textures/objects/vegetation/thorns/thorns_08.png","object","place_object","dungeondraft-built-in","Objects","","","mcp-list-assets","loaded-registry-listed"
"Thorns 09","res://textures/objects/vegetation/thorns/thorns_09.png","object","place_object","dungeondraft-built-in","Objects","","","mcp-list-assets","loaded-registry-listed"
"Thorns 10","res://textures/objects/vegetation/thorns/thorns_10.png","object","place_object","dungeondraft-built-in","Objects","","","mcp-list-assets","loaded-registry-listed"
"Thorns 11","res://textures/objects/vegetation/thorns/thorns_11.png","object","place_object","dungeondraft-built-in","Objects","","","mcp-list-assets","loaded-registry-listed"
"Thorns 12","res://textures/objects/vegetation/thorns/thorns_12.png","object","place_object","dungeondraft-built-in","Objects","","","mcp-list-assets","loaded-registry-listed"
"Thorns 13","res://textures/objects/vegetation/thorns/thorns_13.png","object","place_object","dungeondraft-built-in","Objects","","","mcp-list-assets","loaded-registry-listed"
"Thorns 14","res://textures/objects/vegetation/thorns/thorns_14.png","object","place_object","dungeondraft-built-in","Objects","","","mcp-list-assets","loaded-registry-listed"
"Thorns 15","res://textures/objects/vegetation/thorns/thorns_15.png","object","place_object","dungeondraft-built-in","Objects","","","mcp-list-assets","loaded-registry-listed"
"Thorns 16","res://textures/objects/vegetation/thorns/thorns_16.png","object","place_object","dungeondraft-built-in","Objects","","","mcp-list-assets","loaded-registry-listed"
"Thorns 17","res://textures/objects/vegetation/thorns/thorns_17.png","object","place_object","dungeondraft-built-in","Objects","","","mcp-list-assets","loaded-registry-listed"
"Thorns 18","res://textures/objects/vegetation/thorns/thorns_18.png","object","place_object","dungeondraft-built-in","Objects","","","mcp-list-assets","loaded-registry-listed"
"Thorns 19","res://textures/objects/vegetation/thorns/thorns_19.png","object","place_object","dungeondraft-built-in","Objects","","","mcp-list-assets","loaded-registry-listed"
"Autumn Tree 01","res://textures/objects/vegetation/trees/autumn_tree_01.png","object","place_object","dungeondraft-built-in","Objects","","","mcp-list-assets","loaded-registry-listed"
"Autumn Tree 02","res://textures/objects/vegetation/trees/autumn_tree_02.png","object","place_object","dungeondraft-built-in","Objects","","","mcp-list-assets","loaded-registry-listed"
"Autumn Tree 03","res://textures/objects/vegetation/trees/autumn_tree_03.png","object","place_object","dungeondraft-built-in","Objects","","","mcp-list-assets","loaded-registry-listed"
"Autumn Tree 04","res://textures/objects/vegetation/trees/autumn_tree_04.png","object","place_object","dungeondraft-built-in","Objects","","","mcp-list-assets","loaded-registry-listed"
"Cherry Tree 01","res://textures/objects/vegetation/trees/cherry_tree_01.png","object","place_object","dungeondraft-built-in","Objects","","","mcp-list-assets","loaded-registry-listed"
"Cherry Tree 02","res://textures/objects/vegetation/trees/cherry_tree_02.png","object","place_object","dungeondraft-built-in","Objects","","","mcp-list-assets","loaded-registry-listed"
"Cherry Tree 03","res://textures/objects/vegetation/trees/cherry_tree_03.png","object","place_object","dungeondraft-built-in","Objects","","","mcp-list-assets","loaded-registry-listed"
"Dead Tree 01","res://textures/objects/vegetation/trees/dead_tree_01.png","object","place_object","dungeondraft-built-in","Objects","","","mcp-list-assets","loaded-registry-listed"
"Dead Tree 02","res://textures/objects/vegetation/trees/dead_tree_02.png","object","place_object","dungeondraft-built-in","Objects","","","mcp-list-assets","loaded-registry-listed"
"Dead Tree 03","res://textures/objects/vegetation/trees/dead_tree_03.png","object","place_object","dungeondraft-built-in","Objects","","","mcp-list-assets","loaded-registry-listed"
"Palm Tree 01","res://textures/objects/vegetation/trees/palm_tree_01.png","object","place_object","dungeondraft-built-in","Objects","","","mcp-list-assets","loaded-registry-listed"
"Palm Tree 02","res://textures/objects/vegetation/trees/palm_tree_02.png","object","place_object","dungeondraft-built-in","Objects","","","mcp-list-assets","loaded-registry-listed"
"Palm Tree 03","res://textures/objects/vegetation/trees/palm_tree_03.png","object","place_object","dungeondraft-built-in","Objects","","","mcp-list-assets","loaded-registry-listed"
"Pine Tree 01","res://textures/objects/vegetation/trees/pine_tree_01.png","object","place_object","dungeondraft-built-in","Objects","","","mcp-list-assets","loaded-registry-listed"
"Pine Tree 02","res://textures/objects/vegetation/trees/pine_tree_02.png","object","place_object","dungeondraft-built-in","Objects","","","mcp-list-assets","loaded-registry-listed"
"Pine Tree 03","res://textures/objects/vegetation/trees/pine_tree_03.png","object","place_object","dungeondraft-built-in","Objects","","","mcp-list-assets","loaded-registry-listed"
"Pine Tree 04","res://textures/objects/vegetation/trees/pine_tree_04.png","object","place_object","dungeondraft-built-in","Objects","","","mcp-list-assets","loaded-registry-listed"
"Stump 01","res://textures/objects/vegetation/trees/stump_01.png","object","place_object","dungeondraft-built-in","Objects","","","mcp-list-assets","loaded-registry-listed"
"Stump 02","res://textures/objects/vegetation/trees/stump_02.png","object","place_object","dungeondraft-built-in","Objects","","","mcp-list-assets","loaded-registry-listed"
"Stump 03","res://textures/objects/vegetation/trees/stump_03.png","object","place_object","dungeondraft-built-in","Objects","","","mcp-list-assets","loaded-registry-listed"
"Stump 04","res://textures/objects/vegetation/trees/stump_04.png","object","place_object","dungeondraft-built-in","Objects","","","mcp-list-assets","loaded-registry-listed"
"Stump 05","res://textures/objects/vegetation/trees/stump_05.png","object","place_object","dungeondraft-built-in","Objects","","","mcp-list-assets","loaded-registry-listed"
"Tree Big Green 01","res://textures/objects/vegetation/trees/tree_big_green_01.png","object","place_object","dungeondraft-built-in","Objects","","","mcp-list-assets","loaded-registry-listed"
"Tree Big Green 02","res://textures/objects/vegetation/trees/tree_big_green_02.png","object","place_object","dungeondraft-built-in","Objects","","","mcp-list-assets","loaded-registry-listed"
"Tree Big Green 03","res://textures/objects/vegetation/trees/tree_big_green_03.png","object","place_object","dungeondraft-built-in","Objects","","","mcp-list-assets","loaded-registry-listed"
"Tree Branch 01","res://textures/objects/vegetation/trees/tree_branch_01.png","object","place_object","dungeondraft-built-in","Objects","","","mcp-list-assets","loaded-registry-listed"
"Tree Branch 02","res://textures/objects/vegetation/trees/tree_branch_02.png","object","place_object","dungeondraft-built-in","Objects","","","mcp-list-assets","loaded-registry-listed"
"Tree Branch 03","res://textures/objects/vegetation/trees/tree_branch_03.png","object","place_object","dungeondraft-built-in","Objects","","","mcp-list-assets","loaded-registry-listed"
"Tree Green Simple 01","res://textures/objects/vegetation/trees/tree_green_simple_01.png","object","place_object","dungeondraft-built-in","Objects","","","mcp-list-assets","loaded-registry-listed"
"Tree Green Simple 02","res://textures/objects/vegetation/trees/tree_green_simple_02.png","object","place_object","dungeondraft-built-in","Objects","","","mcp-list-assets","loaded-registry-listed"
"Tree Green Simple 03","res://textures/objects/vegetation/trees/tree_green_simple_03.png","object","place_object","dungeondraft-built-in","Objects","","","mcp-list-assets","loaded-registry-listed"
"Tree Green Simple 04","res://textures/objects/vegetation/trees/tree_green_simple_04.png","object","place_object","dungeondraft-built-in","Objects","","","mcp-list-assets","loaded-registry-listed"
"Tree Massive Green 01","res://textures/objects/vegetation/trees/tree_massive_green_01.png","object","place_object","dungeondraft-built-in","Objects","","","mcp-list-assets","loaded-registry-listed"
"Tendrils 01","res://textures/objects/vegetation/vines/tendrils_01.png","object","place_object","dungeondraft-built-in","Objects","","","mcp-list-assets","loaded-registry-listed"
"Tendrils 02","res://textures/objects/vegetation/vines/tendrils_02.png","object","place_object","dungeondraft-built-in","Objects","","","mcp-list-assets","loaded-registry-listed"
"Tendrils 03","res://textures/objects/vegetation/vines/tendrils_03.png","object","place_object","dungeondraft-built-in","Objects","","","mcp-list-assets","loaded-registry-listed"
"Tendrils 04","res://textures/objects/vegetation/vines/tendrils_04.png","object","place_object","dungeondraft-built-in","Objects","","","mcp-list-assets","loaded-registry-listed"
"Tendrils 05","res://textures/objects/vegetation/vines/tendrils_05.png","object","place_object","dungeondraft-built-in","Objects","","","mcp-list-assets","loaded-registry-listed"
"Tendrils 06","res://textures/objects/vegetation/vines/tendrils_06.png","object","place_object","dungeondraft-built-in","Objects","","","mcp-list-assets","loaded-registry-listed"
"Tendrils 07","res://textures/objects/vegetation/vines/tendrils_07.png","object","place_object","dungeondraft-built-in","Objects","","","mcp-list-assets","loaded-registry-listed"
"Tendrils 08","res://textures/objects/vegetation/vines/tendrils_08.png","object","place_object","dungeondraft-built-in","Objects","","","mcp-list-assets","loaded-registry-listed"
"Tendrils 09","res://textures/objects/vegetation/vines/tendrils_09.png","object","place_object","dungeondraft-built-in","Objects","","","mcp-list-assets","loaded-registry-listed"
"Tendrils 10","res://textures/objects/vegetation/vines/tendrils_10.png","object","place_object","dungeondraft-built-in","Objects","","","mcp-list-assets","loaded-registry-listed"
"Tendrils 11","res://textures/objects/vegetation/vines/tendrils_11.png","object","place_object","dungeondraft-built-in","Objects","","","mcp-list-assets","loaded-registry-listed"
"Tendrils 12","res://textures/objects/vegetation/vines/tendrils_12.png","object","place_object","dungeondraft-built-in","Objects","","","mcp-list-assets","loaded-registry-listed"
"Tendrils 13","res://textures/objects/vegetation/vines/tendrils_13.png","object","place_object","dungeondraft-built-in","Objects","","","mcp-list-assets","loaded-registry-listed"
"Boat Sail 01","res://textures/objects/vehicles/boat_sail_01.png","object","place_object","dungeondraft-built-in","Objects","","","mcp-list-assets","loaded-registry-listed"
"Boat Sail 02","res://textures/objects/vehicles/boat_sail_02.png","object","place_object","dungeondraft-built-in","Objects","","","mcp-list-assets","loaded-registry-listed"
"Boat Sail 03","res://textures/objects/vehicles/boat_sail_03.png","object","place_object","dungeondraft-built-in","Objects","","","mcp-list-assets","loaded-registry-listed"
"Boat Sail 04","res://textures/objects/vehicles/boat_sail_04.png","object","place_object","dungeondraft-built-in","Objects","","","mcp-list-assets","loaded-registry-listed"
"Cart 01","res://textures/objects/vehicles/cart_01.png","object","place_object","dungeondraft-built-in","Objects","","","mcp-list-assets","loaded-registry-listed"
"Cart 02","res://textures/objects/vehicles/cart_02.png","object","place_object","dungeondraft-built-in","Objects","","","mcp-list-assets","loaded-registry-listed"
"Cart 03","res://textures/objects/vehicles/cart_03.png","object","place_object","dungeondraft-built-in","Objects","","","mcp-list-assets","loaded-registry-listed"
"Paddle","res://textures/objects/vehicles/paddle.png","object","place_object","dungeondraft-built-in","Objects","","","mcp-list-assets","loaded-registry-listed"
"Rowboat 01","res://textures/objects/vehicles/rowboat_01.png","object","place_object","dungeondraft-built-in","Objects","","","mcp-list-assets","loaded-registry-listed"
"Rowboat 02","res://textures/objects/vehicles/rowboat_02.png","object","place_object","dungeondraft-built-in","Objects","","","mcp-list-assets","loaded-registry-listed"
"Wagon Wreckage 01","res://textures/objects/vehicles/wagon_wreckage_01.png","object","place_object","dungeondraft-built-in","Objects","","","mcp-list-assets","loaded-registry-listed"
"Wagon Wreckage 02","res://textures/objects/vehicles/wagon_wreckage_02.png","object","place_object","dungeondraft-built-in","Objects","","","mcp-list-assets","loaded-registry-listed"
"Alchemy Table","res://textures/objects/wizard_set/alchemy_table.png","object","place_object","dungeondraft-built-in","Objects","","","mcp-list-assets","loaded-registry-listed"
"Arcane Clock","res://textures/objects/wizard_set/arcane_clock.png","object","place_object","dungeondraft-built-in","Objects","","","mcp-list-assets","loaded-registry-listed"
"Arcane Summoning Circle 01","res://textures/objects/wizard_set/arcane_summoning_circle_01.png","object","place_object","dungeondraft-built-in","Objects","","","mcp-list-assets","loaded-registry-listed"
"Arcane Summoning Circle 02","res://textures/objects/wizard_set/arcane_summoning_circle_02.png","object","place_object","dungeondraft-built-in","Objects","","","mcp-list-assets","loaded-registry-listed"
"Arcane Summoning Circle 03","res://textures/objects/wizard_set/arcane_summoning_circle_03.png","object","place_object","dungeondraft-built-in","Objects","","","mcp-list-assets","loaded-registry-listed"
"Arcane Summoning Circle Glow 01","res://textures/objects/wizard_set/arcane_summoning_circle_glow_01.png","object","place_object","dungeondraft-built-in","Objects","","","mcp-list-assets","loaded-registry-listed"
"Arcane Summoning Circle Glow 02","res://textures/objects/wizard_set/arcane_summoning_circle_glow_02.png","object","place_object","dungeondraft-built-in","Objects","","","mcp-list-assets","loaded-registry-listed"
"Arcane Summoning Circle Glow 03","res://textures/objects/wizard_set/arcane_summoning_circle_glow_03.png","object","place_object","dungeondraft-built-in","Objects","","","mcp-list-assets","loaded-registry-listed"
"Brazier 01","res://textures/objects/wizard_set/brazier_01.png","object","place_object","dungeondraft-built-in","Objects","","","mcp-list-assets","loaded-registry-listed"
"Brazier 02","res://textures/objects/wizard_set/brazier_02.png","object","place_object","dungeondraft-built-in","Objects","","","mcp-list-assets","loaded-registry-listed"
"Cage 01","res://textures/objects/wizard_set/cage_01.png","object","place_object","dungeondraft-built-in","Objects","","","mcp-list-assets","loaded-registry-listed"
"Cage 02","res://textures/objects/wizard_set/cage_02.png","object","place_object","dungeondraft-built-in","Objects","","","mcp-list-assets","loaded-registry-listed"
"Candle Clusters 01","res://textures/objects/wizard_set/candle_clusters_01.png","object","place_object","dungeondraft-built-in","Objects","","","mcp-list-assets","loaded-registry-listed"
"Candle Clusters 02","res://textures/objects/wizard_set/candle_clusters_02.png","object","place_object","dungeondraft-built-in","Objects","","","mcp-list-assets","loaded-registry-listed"
"Candle Clusters 03","res://textures/objects/wizard_set/candle_clusters_03.png","object","place_object","dungeondraft-built-in","Objects","","","mcp-list-assets","loaded-registry-listed"
"Candle Clusters 04","res://textures/objects/wizard_set/candle_clusters_04.png","object","place_object","dungeondraft-built-in","Objects","","","mcp-list-assets","loaded-registry-listed"
"Celestial Model","res://textures/objects/wizard_set/celestial_model.png","object","place_object","dungeondraft-built-in","Objects","","","mcp-list-assets","loaded-registry-listed"
"Celestial Rug","res://textures/objects/wizard_set/celestial_rug.png","object","place_object","dungeondraft-built-in","Objects","","","mcp-list-assets","loaded-registry-listed"
"Chained Grimoire","res://textures/objects/wizard_set/chained_grimoire.png","object","place_object","dungeondraft-built-in","Objects","","","mcp-list-assets","loaded-registry-listed"
"Crystal Ball","res://textures/objects/wizard_set/crystal_ball.png","object","place_object","dungeondraft-built-in","Objects","","","mcp-list-assets","loaded-registry-listed"
"Fire 01","res://textures/objects/wizard_set/fire_01.png","object","place_object","dungeondraft-built-in","Objects","","","mcp-list-assets","loaded-registry-listed"
"Fire 02","res://textures/objects/wizard_set/fire_02.png","object","place_object","dungeondraft-built-in","Objects","","","mcp-list-assets","loaded-registry-listed"
"Magical Brazier 01","res://textures/objects/wizard_set/magical_brazier_01.png","object","place_object","dungeondraft-built-in","Objects","","","mcp-list-assets","loaded-registry-listed"
"Magical Brazier 02","res://textures/objects/wizard_set/magical_brazier_02.png","object","place_object","dungeondraft-built-in","Objects","","","mcp-list-assets","loaded-registry-listed"
"Mana Orb 01","res://textures/objects/wizard_set/mana_orb_01.png","object","place_object","dungeondraft-built-in","Objects","","","mcp-list-assets","loaded-registry-listed"
"Mana Orb 02","res://textures/objects/wizard_set/mana_orb_02.png","object","place_object","dungeondraft-built-in","Objects","","","mcp-list-assets","loaded-registry-listed"
"Mirror 01","res://textures/objects/wizard_set/mirror_01.png","object","place_object","dungeondraft-built-in","Objects","","","mcp-list-assets","loaded-registry-listed"
"Mirror 02","res://textures/objects/wizard_set/mirror_02.png","object","place_object","dungeondraft-built-in","Objects","","","mcp-list-assets","loaded-registry-listed"
"Potion Rack","res://textures/objects/wizard_set/potion_rack.png","object","place_object","dungeondraft-built-in","Objects","","","mcp-list-assets","loaded-registry-listed"
"Ritual Dagger","res://textures/objects/wizard_set/ritual_dagger.png","object","place_object","dungeondraft-built-in","Objects","","","mcp-list-assets","loaded-registry-listed"
"Runed Podium","res://textures/objects/wizard_set/runed_podium.png","object","place_object","dungeondraft-built-in","Objects","","","mcp-list-assets","loaded-registry-listed"
"Scroll Shelf","res://textures/objects/wizard_set/scroll_shelf.png","object","place_object","dungeondraft-built-in","Objects","","","mcp-list-assets","loaded-registry-listed"
"Spellbook Open","res://textures/objects/wizard_set/spellbook_open.png","object","place_object","dungeondraft-built-in","Objects","","","mcp-list-assets","loaded-registry-listed"
"Battlements","res://textures/walls/battlements.png","wall","draw_wall;build_room","dungeondraft-built-in","Walls","","","mcp-list-assets","loaded-registry-listed"
"Cobble","res://textures/walls/cobble.png","wall","draw_wall;build_room","dungeondraft-built-in","Walls","","","mcp-list-assets","loaded-registry-listed"
"Concrete","res://textures/walls/concrete.png","wall","draw_wall;build_room","dungeondraft-built-in","Walls","","","mcp-list-assets","loaded-registry-listed"
"Stone","res://textures/walls/stone.png","wall","draw_wall;build_room","dungeondraft-built-in","Walls","","","mcp-list-assets","loaded-registry-listed"
"Stone 09","res://textures/walls/stone_09.png","wall","draw_wall;build_room","dungeondraft-built-in","Walls","","","mcp-list-assets","loaded-registry-listed"
"Stone 12","res://textures/walls/stone_12.png","wall","draw_wall;build_room","dungeondraft-built-in","Walls","","","mcp-list-assets","loaded-registry-listed"
"Wood","res://textures/walls/wood.png","wall","draw_wall;build_room","dungeondraft-built-in","Walls","","","mcp-list-assets","loaded-registry-listed"
"Wood 02","res://textures/walls/wood_02.png","wall","draw_wall;build_room","dungeondraft-built-in","Walls","","","mcp-list-assets","loaded-registry-listed"
"Wood 03","res://textures/walls/wood_03.png","wall","draw_wall;build_room","dungeondraft-built-in","Walls","","","mcp-list-assets","loaded-registry-listed"
"Wood 04","res://textures/walls/wood_04.png","wall","draw_wall;build_room","dungeondraft-built-in","Walls","","","mcp-list-assets","loaded-registry-listed"
"Battlements","res://textures/paths/battlements.png","path","draw_path","dungeondraft-built-in","Paths","","","mcp-list-assets","loaded-registry-listed"
"Blood Trail","res://textures/paths/blood_trail.png","path","draw_path","dungeondraft-built-in","Paths","","","mcp-list-assets","loaded-registry-listed"
"Bone Fence 01","res://textures/paths/bone_fence_01.png","path","draw_path","dungeondraft-built-in","Paths","","","mcp-list-assets","loaded-registry-listed"
"Chain","res://textures/paths/chain.png","path","draw_path","dungeondraft-built-in","Paths","","","mcp-list-assets","loaded-registry-listed"
"Cliff","res://textures/paths/cliff.png","path","draw_path","dungeondraft-built-in","Paths","","","mcp-list-assets","loaded-registry-listed"
"Cobble","res://textures/paths/cobble.png","path","draw_path","dungeondraft-built-in","Paths","","","mcp-list-assets","loaded-registry-listed"
"Concrete","res://textures/paths/concrete.png","path","draw_path","dungeondraft-built-in","Paths","","","mcp-list-assets","loaded-registry-listed"
"Log Fence","res://textures/paths/log_fence.png","path","draw_path","dungeondraft-built-in","Paths","","","mcp-list-assets","loaded-registry-listed"
"Path Black Line","res://textures/paths/path_black_line.png","path","draw_path","dungeondraft-built-in","Paths","","","mcp-list-assets","loaded-registry-listed"
"Path Blender 01","res://textures/paths/path_blender_01.png","path","draw_path","dungeondraft-built-in","Paths","","","mcp-list-assets","loaded-registry-listed"
"Path Blender 02","res://textures/paths/path_blender_02.png","path","draw_path","dungeondraft-built-in","Paths","","","mcp-list-assets","loaded-registry-listed"
"Path Blender 03","res://textures/paths/path_blender_03.png","path","draw_path","dungeondraft-built-in","Paths","","","mcp-list-assets","loaded-registry-listed"
"Path Blender 04","res://textures/paths/path_blender_04.png","path","draw_path","dungeondraft-built-in","Paths","","","mcp-list-assets","loaded-registry-listed"
"Rail","res://textures/paths/rail.png","path","draw_path","dungeondraft-built-in","Paths","","","mcp-list-assets","loaded-registry-listed"
"Rail Without Ties","res://textures/paths/rail_(without_ties).png","path","draw_path","dungeondraft-built-in","Paths","","","mcp-list-assets","loaded-registry-listed"
"Rope","res://textures/paths/rope.png","path","draw_path","dungeondraft-built-in","Paths","","","mcp-list-assets","loaded-registry-listed"
"Rope Thick","res://textures/paths/rope_(thick).png","path","draw_path","dungeondraft-built-in","Paths","","","mcp-list-assets","loaded-registry-listed"
"Shadow Flat","res://textures/paths/shadow_(flat).png","path","draw_path","dungeondraft-built-in","Paths","","","mcp-list-assets","loaded-registry-listed"
"Stairs Stone","res://textures/paths/stairs_stone.png","path","draw_path","dungeondraft-built-in","Paths","","","mcp-list-assets","loaded-registry-listed"
"Stairs Stone 2","res://textures/paths/stairs_stone_2.png","path","draw_path","dungeondraft-built-in","Paths","","","mcp-list-assets","loaded-registry-listed"
"Stairs Wood","res://textures/paths/stairs_wood.png","path","draw_path","dungeondraft-built-in","Paths","","","mcp-list-assets","loaded-registry-listed"
"Stairs Wood 2","res://textures/paths/stairs_wood_2.png","path","draw_path","dungeondraft-built-in","Paths","","","mcp-list-assets","loaded-registry-listed"
"Stone","res://textures/paths/stone.png","path","draw_path","dungeondraft-built-in","Paths","","","mcp-list-assets","loaded-registry-listed"
"Stone 09","res://textures/paths/stone_09.png","path","draw_path","dungeondraft-built-in","Paths","","","mcp-list-assets","loaded-registry-listed"
"Stone 12","res://textures/paths/stone_12.png","path","draw_path","dungeondraft-built-in","Paths","","","mcp-list-assets","loaded-registry-listed"
"Stone Fence 01","res://textures/paths/stone_fence_01.png","path","draw_path","dungeondraft-built-in","Paths","","","mcp-list-assets","loaded-registry-listed"
"Stone Fence 02","res://textures/paths/stone_fence_02.png","path","draw_path","dungeondraft-built-in","Paths","","","mcp-list-assets","loaded-registry-listed"
"Stone Fence 03","res://textures/paths/stone_fence_03.png","path","draw_path","dungeondraft-built-in","Paths","","","mcp-list-assets","loaded-registry-listed"
"Stone Fence 04","res://textures/paths/stone_fence_04.png","path","draw_path","dungeondraft-built-in","Paths","","","mcp-list-assets","loaded-registry-listed"
"Stone Fence 05","res://textures/paths/stone_fence_05.png","path","draw_path","dungeondraft-built-in","Paths","","","mcp-list-assets","loaded-registry-listed"
"Wagon Trail","res://textures/paths/wagon_trail.png","path","draw_path","dungeondraft-built-in","Paths","","","mcp-list-assets","loaded-registry-listed"
"Wood","res://textures/paths/wood.png","path","draw_path","dungeondraft-built-in","Paths","","","mcp-list-assets","loaded-registry-listed"
"Wood 02","res://textures/paths/wood_02.png","path","draw_path","dungeondraft-built-in","Paths","","","mcp-list-assets","loaded-registry-listed"
"Wood 03","res://textures/paths/wood_03.png","path","draw_path","dungeondraft-built-in","Paths","","","mcp-list-assets","loaded-registry-listed"
"Wood 04","res://textures/paths/wood_04.png","path","draw_path","dungeondraft-built-in","Paths","","","mcp-list-assets","loaded-registry-listed"
"Wood Fence 01","res://textures/paths/wood_fence_01.png","path","draw_path","dungeondraft-built-in","Paths","","","mcp-list-assets","loaded-registry-listed"
"Wood Fence 02","res://textures/paths/wood_fence_02.png","path","draw_path","dungeondraft-built-in","Paths","","","mcp-list-assets","loaded-registry-listed"
"Wood Fence 03","res://textures/paths/wood_fence_03.png","path","draw_path","dungeondraft-built-in","Paths","","","mcp-list-assets","loaded-registry-listed"
"Wood Fence 04","res://textures/paths/wood_fence_04.png","path","draw_path","dungeondraft-built-in","Paths","","","mcp-list-assets","loaded-registry-listed"
"Wood Fence 05","res://textures/paths/wood_fence_05.png","path","draw_path","dungeondraft-built-in","Paths","","","mcp-list-assets","loaded-registry-listed"
"Wood Fence 06","res://textures/paths/wood_fence_06.png","path","draw_path","dungeondraft-built-in","Paths","","","mcp-list-assets","loaded-registry-listed"
"Wood Fence 07","res://textures/paths/wood_fence_07.png","path","draw_path","dungeondraft-built-in","Paths","","","mcp-list-assets","loaded-registry-listed"
"Wooden Bridge","res://textures/paths/wooden_bridge.png","path","draw_path","dungeondraft-built-in","Paths","","","mcp-list-assets","loaded-registry-listed"
"Wooden Fence","res://textures/paths/wooden_fence.png","path","draw_path","dungeondraft-built-in","Paths","","","mcp-list-assets","loaded-registry-listed"
"Terrain Cracked Earth","res://textures/terrain/terrain_cracked_earth.png","terrain","set_terrain_slot;fill_terrain;fill_region;paint_terrain;paint_path","dungeondraft-built-in","Terrain","","","mcp-list-assets","loaded-registry-listed"
"Terrain Dirt","res://textures/terrain/terrain_dirt.png","terrain","set_terrain_slot;fill_terrain;fill_region;paint_terrain;paint_path","dungeondraft-built-in","Terrain","","","mcp-list-assets","loaded-registry-listed"
"Terrain Dry Grass","res://textures/terrain/terrain_dry_grass.png","terrain","set_terrain_slot;fill_terrain;fill_region;paint_terrain;paint_path","dungeondraft-built-in","Terrain","","","mcp-list-assets","loaded-registry-listed"
"Terrain Grass","res://textures/terrain/terrain_grass.png","terrain","set_terrain_slot;fill_terrain;fill_region;paint_terrain;paint_path","dungeondraft-built-in","Terrain","","","mcp-list-assets","loaded-registry-listed"
"Terrain Gravel","res://textures/terrain/terrain_gravel.png","terrain","set_terrain_slot;fill_terrain;fill_region;paint_terrain;paint_path","dungeondraft-built-in","Terrain","","","mcp-list-assets","loaded-registry-listed"
"Terrain Limestone","res://textures/terrain/terrain_limestone.png","terrain","set_terrain_slot;fill_terrain;fill_region;paint_terrain;paint_path","dungeondraft-built-in","Terrain","","","mcp-list-assets","loaded-registry-listed"
"Terrain Moss","res://textures/terrain/terrain_moss.png","terrain","set_terrain_slot;fill_terrain;fill_region;paint_terrain;paint_path","dungeondraft-built-in","Terrain","","","mcp-list-assets","loaded-registry-listed"
"Terrain Rocky","res://textures/terrain/terrain_rocky.png","terrain","set_terrain_slot;fill_terrain;fill_region;paint_terrain;paint_path","dungeondraft-built-in","Terrain","","","mcp-list-assets","loaded-registry-listed"
"Terrain Sand","res://textures/terrain/terrain_sand.png","terrain","set_terrain_slot;fill_terrain;fill_region;paint_terrain;paint_path","dungeondraft-built-in","Terrain","","","mcp-list-assets","loaded-registry-listed"
"Terrain Sandstone","res://textures/terrain/terrain_sandstone.png","terrain","set_terrain_slot;fill_terrain;fill_region;paint_terrain;paint_path","dungeondraft-built-in","Terrain","","","mcp-list-assets","loaded-registry-listed"
"Terrain Snow","res://textures/terrain/terrain_snow.png","terrain","set_terrain_slot;fill_terrain;fill_region;paint_terrain;paint_path","dungeondraft-built-in","Terrain","","","mcp-list-assets","loaded-registry-listed"
"Terrain Swamp","res://textures/terrain/terrain_swamp.png","terrain","set_terrain_slot;fill_terrain;fill_region;paint_terrain;paint_path","dungeondraft-built-in","Terrain","","","mcp-list-assets","loaded-registry-listed"
"Terrain Void","res://textures/terrain/terrain_void.png","terrain","set_terrain_slot;fill_terrain;fill_region;paint_terrain;paint_path","dungeondraft-built-in","Terrain","","","mcp-list-assets","loaded-registry-listed"
"Fragments","res://textures/lights/fragments.png","light","add_light","dungeondraft-built-in","Lights","","","mcp-list-assets","loaded-registry-listed"
"Point","res://textures/lights/point.png","light","add_light","dungeondraft-built-in","Lights","","","mcp-list-assets","loaded-registry-listed"
"Soft","res://textures/lights/soft.png","light","add_light","dungeondraft-built-in","Lights","","","mcp-list-assets","loaded-registry-listed"
"Door 00","res://textures/portals/door_00.png","portal","add_portal","dungeondraft-built-in","Portals","","","mcp-list-assets","loaded-registry-listed"
"Door 01","res://textures/portals/door_01.png","portal","add_portal","dungeondraft-built-in","Portals","","","mcp-list-assets","loaded-registry-listed"
"Door 02","res://textures/portals/door_02.png","portal","add_portal","dungeondraft-built-in","Portals","","","mcp-list-assets","loaded-registry-listed"
"Door 03","res://textures/portals/door_03.png","portal","add_portal","dungeondraft-built-in","Portals","","","mcp-list-assets","loaded-registry-listed"
"Door 04","res://textures/portals/door_04.png","portal","add_portal","dungeondraft-built-in","Portals","","","mcp-list-assets","loaded-registry-listed"
"Door 05","res://textures/portals/door_05.png","portal","add_portal","dungeondraft-built-in","Portals","","","mcp-list-assets","loaded-registry-listed"
"Door 06","res://textures/portals/door_06.png","portal","add_portal","dungeondraft-built-in","Portals","","","mcp-list-assets","loaded-registry-listed"
"Door 07","res://textures/portals/door_07.png","portal","add_portal","dungeondraft-built-in","Portals","","","mcp-list-assets","loaded-registry-listed"
"Door 08","res://textures/portals/door_08.png","portal","add_portal","dungeondraft-built-in","Portals","","","mcp-list-assets","loaded-registry-listed"
"Door 09","res://textures/portals/door_09.png","portal","add_portal","dungeondraft-built-in","Portals","","","mcp-list-assets","loaded-registry-listed"
"Door 10","res://textures/portals/door_10.png","portal","add_portal","dungeondraft-built-in","Portals","","","mcp-list-assets","loaded-registry-listed"
"Door 11","res://textures/portals/door_11.png","portal","add_portal","dungeondraft-built-in","Portals","","","mcp-list-assets","loaded-registry-listed"
"Door 12","res://textures/portals/door_12.png","portal","add_portal","dungeondraft-built-in","Portals","","","mcp-list-assets","loaded-registry-listed"
"Door 13","res://textures/portals/door_13.png","portal","add_portal","dungeondraft-built-in","Portals","","","mcp-list-assets","loaded-registry-listed"
"Door 16","res://textures/portals/door_16.png","portal","add_portal","dungeondraft-built-in","Portals","","","mcp-list-assets","loaded-registry-listed"
"Door 17","res://textures/portals/door_17.png","portal","add_portal","dungeondraft-built-in","Portals","","","mcp-list-assets","loaded-registry-listed"
"Door 18","res://textures/portals/door_18.png","portal","add_portal","dungeondraft-built-in","Portals","","","mcp-list-assets","loaded-registry-listed"
"Door 19","res://textures/portals/door_19.png","portal","add_portal","dungeondraft-built-in","Portals","","","mcp-list-assets","loaded-registry-listed"
"Door 20","res://textures/portals/door_20.png","portal","add_portal","dungeondraft-built-in","Portals","","","mcp-list-assets","loaded-registry-listed"
"Door 21","res://textures/portals/door_21.png","portal","add_portal","dungeondraft-built-in","Portals","","","mcp-list-assets","loaded-registry-listed"
"Portcullis 01","res://textures/portals/portcullis_01.png","portal","add_portal","dungeondraft-built-in","Portals","","","mcp-list-assets","loaded-registry-listed"
"Portcullis 02","res://textures/portals/portcullis_02.png","portal","add_portal","dungeondraft-built-in","Portals","","","mcp-list-assets","loaded-registry-listed"
"Threshold 01","res://textures/portals/threshold_01.png","portal","add_portal","dungeondraft-built-in","Portals","","","mcp-list-assets","loaded-registry-listed"
"Window 01","res://textures/portals/window_01.png","portal","add_portal","dungeondraft-built-in","Portals","","","mcp-list-assets","loaded-registry-listed"
"Window 02","res://textures/portals/window_02.png","portal","add_portal","dungeondraft-built-in","Portals","","","mcp-list-assets","loaded-registry-listed"
"Window 03","res://textures/portals/window_03.png","portal","add_portal","dungeondraft-built-in","Portals","","","mcp-list-assets","loaded-registry-listed"
"Window 04","res://textures/portals/window_04.png","portal","add_portal","dungeondraft-built-in","Portals","","","mcp-list-assets","loaded-registry-listed"
"Window 05","res://textures/portals/window_05.png","portal","add_portal","dungeondraft-built-in","Portals","","","mcp-list-assets","loaded-registry-listed"
"Window 06","res://textures/portals/window_06.png","portal","add_portal","dungeondraft-built-in","Portals","","","mcp-list-assets","loaded-registry-listed"
"Window 07","res://textures/portals/window_07.png","portal","add_portal","dungeondraft-built-in","Portals","","","mcp-list-assets","loaded-registry-listed"
"Window 08","res://textures/portals/window_08.png","portal","add_portal","dungeondraft-built-in","Portals","","","mcp-list-assets","loaded-registry-listed"
"Window 09","res://textures/portals/window_09.png","portal","add_portal","dungeondraft-built-in","Portals","","","mcp-list-assets","loaded-registry-listed"
"Window 10","res://textures/portals/window_10.png","portal","add_portal","dungeondraft-built-in","Portals","","","mcp-list-assets","loaded-registry-listed"
"Window 11","res://textures/portals/window_11.png","portal","add_portal","dungeondraft-built-in","Portals","","","mcp-list-assets","loaded-registry-listed"
"Window 12","res://textures/portals/window_12.png","portal","add_portal","dungeondraft-built-in","Portals","","","mcp-list-assets","loaded-registry-listed"
"Window 13","res://textures/portals/window_13.png","portal","add_portal","dungeondraft-built-in","Portals","","","mcp-list-assets","loaded-registry-listed"
"Window 14","res://textures/portals/window_14.png","portal","add_portal","dungeondraft-built-in","Portals","","","mcp-list-assets","loaded-registry-listed"
"Window 15","res://textures/portals/window_15.png","portal","add_portal","dungeondraft-built-in","Portals","","","mcp-list-assets","loaded-registry-listed"
"Window 16","res://textures/portals/window_16.png","portal","add_portal","dungeondraft-built-in","Portals","","","mcp-list-assets","loaded-registry-listed"
"Tiles","res://textures/roofs/diamond_slate_gray/tiles.png","roof","add_roof","dungeondraft-built-in","Roofs","","","mcp-list-assets","loaded-registry-listed"
"Tiles","res://textures/roofs/flat_clay_red/tiles.png","roof","add_roof","dungeondraft-built-in","Roofs","","","mcp-list-assets","loaded-registry-listed"
"Tiles","res://textures/roofs/plank_mossy/tiles.png","roof","add_roof","dungeondraft-built-in","Roofs","","","mcp-list-assets","loaded-registry-listed"
"Tiles","res://textures/roofs/plank_wood/tiles.png","roof","add_roof","dungeondraft-built-in","Roofs","","","mcp-list-assets","loaded-registry-listed"
"Tiles","res://textures/roofs/round_slate_brown/tiles.png","roof","add_roof","dungeondraft-built-in","Roofs","","","mcp-list-assets","loaded-registry-listed"
"Tiles","res://textures/roofs/round_slate_gray/tiles.png","roof","add_roof","dungeondraft-built-in","Roofs","","","mcp-list-assets","loaded-registry-listed"
"Tiles","res://textures/roofs/scale_stone/tiles.png","roof","add_roof","dungeondraft-built-in","Roofs","","","mcp-list-assets","loaded-registry-listed"
"Tiles","res://textures/roofs/thatched/tiles.png","roof","add_roof","dungeondraft-built-in","Roofs","","","mcp-list-assets","loaded-registry-listed"
"Floor","res://textures/caves/colorable/floor.png","cave-texture","dig_cave","dungeondraft-built-in","Caves","","","mcp-list-assets","loaded-registry-listed"
"Floor","res://textures/caves/rocky/floor.png","cave-texture","dig_cave","dungeondraft-built-in","Caves","","","mcp-list-assets","loaded-registry-listed"
"Acid Tile","res://textures/materials/acid_tile.png","material-pattern","place_pattern;build_room","dungeondraft-built-in","Materials","","","mcp-list-assets","loaded-registry-listed"
"Alien Infestation Tile","res://textures/materials/alien_infestation_tile.png","material-pattern","place_pattern;build_room","dungeondraft-built-in","Materials","","","mcp-list-assets","loaded-registry-listed"
"Cloverfield Tile","res://textures/materials/cloverfield_tile.png","material-pattern","place_pattern;build_room","dungeondraft-built-in","Materials","","","mcp-list-assets","loaded-registry-listed"
"Cobblestone Tile","res://textures/materials/cobblestone_tile.png","material-pattern","place_pattern;build_room","dungeondraft-built-in","Materials","","","mcp-list-assets","loaded-registry-listed"
"Gold Tile","res://textures/materials/gold_tile.png","material-pattern","place_pattern;build_room","dungeondraft-built-in","Materials","","","mcp-list-assets","loaded-registry-listed"
"Grass Tile 1","res://textures/materials/grass_tile_1.png","material-pattern","place_pattern;build_room","dungeondraft-built-in","Materials","","","mcp-list-assets","loaded-registry-listed"
"Grass Tile 2","res://textures/materials/grass_tile_2.png","material-pattern","place_pattern;build_room","dungeondraft-built-in","Materials","","","mcp-list-assets","loaded-registry-listed"
"Ice Tile","res://textures/materials/ice_tile.png","material-pattern","place_pattern;build_room","dungeondraft-built-in","Materials","","","mcp-list-assets","loaded-registry-listed"
"Infestation Tile","res://textures/materials/infestation_tile.png","material-pattern","place_pattern;build_room","dungeondraft-built-in","Materials","","","mcp-list-assets","loaded-registry-listed"
"Lava Tile","res://textures/materials/lava_tile.png","material-pattern","place_pattern;build_room","dungeondraft-built-in","Materials","","","mcp-list-assets","loaded-registry-listed"
"Rock Tile","res://textures/materials/rock_tile.png","material-pattern","place_pattern;build_room","dungeondraft-built-in","Materials","","","mcp-list-assets","loaded-registry-listed"
"Sludge Tar Pit Tile","res://textures/materials/sludge_tar_pit_tile.png","material-pattern","place_pattern;build_room","dungeondraft-built-in","Materials","","","mcp-list-assets","loaded-registry-listed"
"Tileset Brick Basketweave","res://textures/tilesets/simple/tileset_brick_basketweave.png","simple-tile","place_pattern;build_room","dungeondraft-built-in","Simple Tiles","","","mcp-list-assets","loaded-registry-listed"
"Tileset Brick Running","res://textures/tilesets/simple/tileset_brick_running.png","simple-tile","place_pattern;build_room","dungeondraft-built-in","Simple Tiles","","","mcp-list-assets","loaded-registry-listed"
"Tileset Brick Worn","res://textures/tilesets/simple/tileset_brick_worn.png","simple-tile","place_pattern;build_room","dungeondraft-built-in","Simple Tiles","","","mcp-list-assets","loaded-registry-listed"
"Tileset Carpet","res://textures/tilesets/simple/tileset_carpet.png","simple-tile","place_pattern;build_room","dungeondraft-built-in","Simple Tiles","","","mcp-list-assets","loaded-registry-listed"
"Tileset Cave","res://textures/tilesets/simple/tileset_cave.png","simple-tile","place_pattern;build_room","dungeondraft-built-in","Simple Tiles","","","mcp-list-assets","loaded-registry-listed"
"Tileset Cobble","res://textures/tilesets/simple/tileset_cobble.png","simple-tile","place_pattern;build_room","dungeondraft-built-in","Simple Tiles","","","mcp-list-assets","loaded-registry-listed"
"Tileset Concrete","res://textures/tilesets/simple/tileset_concrete.png","simple-tile","place_pattern;build_room","dungeondraft-built-in","Simple Tiles","","","mcp-list-assets","loaded-registry-listed"
"Tileset Concrete Large","res://textures/tilesets/simple/tileset_concrete_large.png","simple-tile","place_pattern;build_room","dungeondraft-built-in","Simple Tiles","","","mcp-list-assets","loaded-registry-listed"
"Tileset Concrete Slab","res://textures/tilesets/simple/tileset_concrete_slab.png","simple-tile","place_pattern;build_room","dungeondraft-built-in","Simple Tiles","","","mcp-list-assets","loaded-registry-listed"
"Tileset Cut Stone","res://textures/tilesets/simple/tileset_cut_stone.png","simple-tile","place_pattern;build_room","dungeondraft-built-in","Simple Tiles","","","mcp-list-assets","loaded-registry-listed"
"Tileset Diamond","res://textures/tilesets/simple/tileset_diamond.png","simple-tile","place_pattern;build_room","dungeondraft-built-in","Simple Tiles","","","mcp-list-assets","loaded-registry-listed"
"Tileset Diamond 2","res://textures/tilesets/simple/tileset_diamond_2.png","simple-tile","place_pattern;build_room","dungeondraft-built-in","Simple Tiles","","","mcp-list-assets","loaded-registry-listed"
"Tileset Herringbone","res://textures/tilesets/simple/tileset_herringbone.png","simple-tile","place_pattern;build_room","dungeondraft-built-in","Simple Tiles","","","mcp-list-assets","loaded-registry-listed"
"Tileset Ornate","res://textures/tilesets/simple/tileset_ornate.png","simple-tile","place_pattern;build_room","dungeondraft-built-in","Simple Tiles","","","mcp-list-assets","loaded-registry-listed"
"Tileset Plank 45","res://textures/tilesets/simple/tileset_plank_45.png","simple-tile","place_pattern;build_room","dungeondraft-built-in","Simple Tiles","","","mcp-list-assets","loaded-registry-listed"
"Tileset Roman Tiles","res://textures/tilesets/simple/tileset_roman_tiles.png","simple-tile","place_pattern;build_room","dungeondraft-built-in","Simple Tiles","","","mcp-list-assets","loaded-registry-listed"
"Tileset Roman Worn","res://textures/tilesets/simple/tileset_roman_worn.png","simple-tile","place_pattern;build_room","dungeondraft-built-in","Simple Tiles","","","mcp-list-assets","loaded-registry-listed"
"Tileset Sewers","res://textures/tilesets/simple/tileset_sewers.png","simple-tile","place_pattern;build_room","dungeondraft-built-in","Simple Tiles","","","mcp-list-assets","loaded-registry-listed"
"Tileset Straw","res://textures/tilesets/simple/tileset_straw.png","simple-tile","place_pattern;build_room","dungeondraft-built-in","Simple Tiles","","","mcp-list-assets","loaded-registry-listed"
"Tileset Wood Damaged","res://textures/tilesets/simple/tileset_wood_damaged.png","simple-tile","place_pattern;build_room","dungeondraft-built-in","Simple Tiles","","","mcp-list-assets","loaded-registry-listed"
"Tileset Wood Interlaced","res://textures/tilesets/simple/tileset_wood_interlaced.png","simple-tile","place_pattern;build_room","dungeondraft-built-in","Simple Tiles","","","mcp-list-assets","loaded-registry-listed"
"Tileset Worn Cobble","res://textures/tilesets/simple/tileset_worn_cobble.png","simple-tile","place_pattern;build_room","dungeondraft-built-in","Simple Tiles","","","mcp-list-assets","loaded-registry-listed"
"Tileset Wood Vertical","res://textures/tilesets/smart/tileset_wood_vertical.png","smart-tile","place_pattern;build_room","dungeondraft-built-in","Smart Tiles","","","mcp-list-assets","loaded-registry-listed"
"Tileset Stone","res://textures/tilesets/smart_double/tileset_stone.png","smart-tile-double","place_pattern;build_room","dungeondraft-built-in","Smart Tiles Double","","","mcp-list-assets","loaded-registry-listed"
